7/27,China,Shooting Team,10m Air Rifle Mixed Team,1,2
7/27,Kazakhstan,Shooting Team,10m Air Rifle Mixed Team,3,2
7/27,South Korea,Shooting Team,10m Air Rifle Mixed Team,2,2
7/27,Belgium,Wout van AERT,Cycling Road - Men's Individual Time Trial,3,1
7/27,Italy,Filippo GANNA,Cycling Road - Men's Individual Time Trial,2,1
7/27,Belgium,Remco EVENEPOEL,Cycling Road - Men's Individual Time Trial,1,1
7/27,Australia,Grace BROWN,Cycling Road - Women's Individual Time Trial,1,1
7/27,United States,Chloe DYGERT,Cycling Road - Women's Individual Time Trial,3,1
7/27,Great Britain,Anna HENDERSON,Cycling Road - Women's Individual Time Trial,2,1
7/27,South Korea,OH Sanguk,Fencing - Men's Sabre Individual,1,1
7/27,Italy,Luigi SAMELE,Fencing - Men's Sabre Individual,3,1
7/27,Tunisia,Fares FERJANI,Fencing - Men's Sabre Individual,2,1
7/27,Hong Kong,KONG Man Wai Vivian,Fencing - Women's Épée Individual,1,1
7/27,France,Auriane MALLO-BRETON,Fencing - Women's Épée Individual,2,1
7/27,Hungary,Eszter MUHARI,Fencing - Women's Épée Individual,3,1
7/27,Kazakhstan,Yeldos SMETOV,Judo - Men -60 kg,1,1
7/27,France,Luka MKHEIDZE,Judo - Men -60 kg,2,1
7/27,Japan,NAGAYAMA Ryuju,Judo - Men -60 kg,3,1
7/27,Spain,Francisco GARRIGOS,Judo - Men -60 kg,3,1
7/27,Sweden,Tara BABULFATH,Judo - Women -48 kg,3,1
7/27,Japan,TSUNODA Natsumi,Judo - Women -48 kg,1,1
7/27,Mongolia,Baasankhuu BAVUUDORJ,Judo - Women -48 kg,2,1
7/27,France,Shirine BOUKLI,Judo - Women -48 kg,3,1
7/27,Fiji,Rugby Sevens Team,Men,2,14
7/27,South Africa,Rugby Sevens Team,Men,3,13
7/27,France,Rugby Sevens Team,Men,1,13
7/27,United States,Swimming Team,Men's 4 x 100m Freestyle Relay,1,6
7/27,Australia,Swimming Team,Men's 4 x 100m Freestyle Relay,2,5
7/27,Italy,Swimming Team,Men's 4 x 100m Freestyle Relay,3,6
7/27,Germany,Lukas MAERTENS,Swimming - Men's 400m Freestyle,1,1
7/27,South Korea,KIM Woomin,Swimming - Men's 400m Freestyle,3,1
7/27,Australia,Elijah WINNINGTON,Swimming - Men's 400m Freestyle,2,1
7/27,Australia,Ariarne TITMUS,Swimming - Women's 400m Freestyle,1,1
7/27,United States,Katie LEDECKY,Swimming - Women's 400m Freestyle,3,1
7/27,Canada,Summer McINTOSH,Swimming - Women's 400m Freestyle,2,1
7/27,China,Swimming Team,Women's 4 x 100m Freestyle Relay,3,5
7/27,Australia,Swimming Team,Women's 4 x 100m Freestyle Relay,1,6
7/27,United States,Swimming Team,Women's 4 x 100m Freestyle Relay,2,6
7/27,Great Britain,Diving Team,Women's Synchronised 3m Springboard,3,2
7/27,United States,Diving Team,Women's Synchronised 3m Springboard,2,2
7/27,China,Diving Team,Women's Synchronised 3m Springboard,1,2
7/28,Great Britain,Kimberley WOODS,Canoe Slalom - Women's Kayak Single,3,1
7/28,Poland,Klaudia ZWOLINSKA,Canoe Slalom - Women's Kayak Single,2,1
7/28,Australia,Jessica FOX,Canoe Slalom - Women's Kayak Single,1,1
7/28,Sweden,Jenny RISSVEDS,Cycling Mountain Bike - Women's Cross-country,3,1
7/28,United States,Haley BATTEN,Cycling Mountain Bike - Women's Cross-country,2,1
7/28,France,Pauline FERRAND PREVOT,Cycling Mountain Bike - Women's Cross-country,1,1
7/28,Egypt,Mohamed ELSAYED,Fencing - Men's Épée Individual,3,1
7/28,France,Yannick BOREL,Fencing - Men's Épée Individual,2,1
7/28,Japan,KANO Koki,Fencing - Men's Épée Individual,1,1
7/28,Canada,Eleanor HARVEY,Fencing - Women's Foil Individual,3,1
7/28,United States,Lauren SCRUGGS,Fencing - Women's Foil Individual,2,1
7/28,United States,Lee KIEFER,Fencing - Women's Foil Individual,1,1
7/28,Kazakhstan,Gusman KYRGYZBAYEV,Judo - Men -66 kg,3,1
7/28,Republic of Moldova,Denis VIERU,Judo - Men -66 kg,3,1
7/28,Japan,ABE Hifumi,Judo - Men -66 kg,1,1
7/28,Brazil,Willian LIMA,Judo - Men -66 kg,2,1
7/28,Uzbekistan,Diyora KELDIYOROVA,Judo - Women -52 kg,1,1
7/28,France,Amandine BUCHARD,Judo - Women -52 kg,3,1
7/28,Kosovo,Distria KRASNIQI,Judo - Women -52 kg,2,1
7/28,Brazil,Larissa PIMENTA,Judo - Women -52 kg,3,1
7/28,Italy,Federico Nilo MALDINI,Shooting - 10m Air Pistol Men,2,1
7/28,Italy,Paolo MONNA,Shooting - 10m Air Pistol Men,3,1
7/28,China,XIE Yu,Shooting - 10m Air Pistol Men,1,1
7/28,South Korea,KIM Yeji,Shooting - 10m Air Pistol Women,2,1
7/28,South Korea,OH Ye Jin,Shooting - 10m Air Pistol Women,1,1
7/28,India,Manu BHAKER,Shooting - 10m Air Pistol Women,3,1
7/28,Japan,AKAMA Liz,Skateboarding - Women's Street,2,1
7/28,Japan,YOSHIZAWA Coco,Skateboarding - Women's Street,1,1
7/28,Brazil,Rayssa LEAL,Skateboarding - Women's Street,3,1
7/28,Italy,Nicolo MARTINENGHI,Swimming - Men's 100m Breaststroke,1,1
7/28,United States,Nic FINK,Swimming - Men's 100m Breaststroke,2,1
7/28,Great Britain,Adam PEATY,Swimming - Men's 100m Breaststroke,2,1
7/28,United States,Carson FOSTER,Swimming - Men's 400m Individual Medley,3,1
7/28,Japan,MATSUSHITA Tomoyuki,Swimming - Men's 400m Individual Medley,2,1
7/28,France,Leon MARCHAND,Swimming - Men's 400m Individual Medley,1,1
7/28,United States,Torri HUSKE,Swimming - Women's 100m Butterfly,1,1
7/28,United States,Gretchen WALSH,Swimming - Women's 100m Butterfly,2,1
7/28,China,ZHANG Yufei,Swimming - Women's 100m Butterfly,3,1
7/28,South Korea,Archery Team,Women's Team,1,3
7/28,Mexico,Archery Team,Women's Team,3,3
7/28,China,Archery Team,Women's Team,2,3
7/29,Great Britain,Adam BURGESS,Canoe Slalom - Men's Canoe Single,2,1
7/29,Slovakia,Matej BENUS,Canoe Slalom - Men's Canoe Single,3,1
7/29,France,Nicolas GESTIN,Canoe Slalom - Men's Canoe Single,1,1
7/29,Great Britain,Thomas PIDCOCK,Cycling Mountain Bike - Men's Cross-country,1,1
7/29,South Africa,Alan HATHERLY,Cycling Mountain Bike - Men's Cross-country,3,1
7/29,France,Victor KORETZKY,Cycling Mountain Bike - Men's Cross-country,2,1
7/29,Australia,Christopher BURTON,Equestrian - Eventing Individual,2,1
7/29,Germany,Michael JUNG,Equestrian - Eventing Individual,1,1
7/29,Great Britain,Laura COLLETT,Equestrian - Eventing Individual,3,1
7/29,Japan,Equestrian Team,Eventing Team,3,4
7/29,France,Equestrian Team,Eventing Team,2,4
7/29,Great Britain,Equestrian Team,Eventing Team,1,4
7/29,Hong Kong,CHEUNG Ka Long,Fencing - Men's Foil Individual,1,1
7/29,United States,Nick ITKIN,Fencing - Men's Foil Individual,3,1
7/29,Italy,Filippo MACCHI,Fencing - Men's Foil Individual,2,1
7/29,Ukraine,Olga KHARLAN,Fencing - Women's Sabre Individual,3,1
7/29,France,Manon APITHY-BRUNET,Fencing - Women's Sabre Individual,1,1
7/29,France,Sara BALZER,Fencing - Women's Sabre Individual,2,1
7/29,Azerbaijan,Hidayat HEYDAROV,Judo - Men -73 kg,1,1
7/29,Japan,HASHIMOTO Soichi,Judo - Men -73 kg,3,1
7/29,France,Joan-Benjamin GABA,Judo - Men -73 kg,2,1
7/29,Republic of Moldova,Adil OSMANOV,Judo - Men -73 kg,3,1
7/29,Canada,Christa DEGUCHI,Judo - Women -57 kg,1,1
7/29,France,Sarah Leonie CYSIQUE,Judo - Women -57 kg,3,1
7/29,South Korea,HUH Mimi,Judo - Women -57 kg,2,1
7/29,Japan,FUNAKUBO Haruka,Judo - Women -57 kg,3,1
7/29,Canada,Diving Team,Men's Synchronised 10m Platform,3,2
7/29,Great Britain,Diving Team,Men's Synchronised 10m Platform,2,2
7/29,China,Diving Team,Men's Synchronised 10m Platform,1,2
7/29,France,Archery Team,Men's Team,2,3
7/29,United States,Artistic Gymnastics Team,Men's Team,3,5
7/29,Turkey,Archery Team,Men's Team,3,3
7/29,South Korea,Archery Team,Men's Team,1,3
7/29,Japan,Artistic Gymnastics Team,Men's Team,1,5
7/29,China,Artistic Gymnastics Team,Men's Team,2,5
7/29,Croatia,Miran MARICIC,Shooting - 10m Air Rifle Men,3,1
7/29,China,SHENG Lihao,Shooting - 10m Air Rifle Men,1,1
7/29,Sweden,Victor LINDGREN,Shooting - 10m Air Rifle Men,2,1
7/29,China,HUANG Yuting,Shooting - 10m Air Rifle Women,2,1
7/29,South Korea,BAN Hyojin,Shooting - 10m Air Rifle Women,1,1
7/29,Switzerland,Audrey GOGNIAT,Shooting - 10m Air Rifle Women,3,1
7/29,Japan,HORIGOME Yuto,Skateboarding - Men's Street,1,1
7/29,United States,Nyjah HUSTON,Skateboarding - Men's Street,3,1
7/29,United States,Jagger EATON,Skateboarding - Men's Street,2,1
7/29,China,XU Jiayu,Swimming - Men's 100m Backstroke,2,1
7/29,United States,Ryan MURPHY,Swimming - Men's 100m Backstroke,3,1
7/29,Italy,Thomas CECCON,Swimming - Men's 100m Backstroke,1,1
7/29,Great Britain,Matthew RICHARDS,Swimming - Men's 200m Freestyle,2,1
7/29,United States,Luke HOBSON,Swimming - Men's 200m Freestyle,3,1
7/29,Romania,David POPOVICI,Swimming - Men's 200m Freestyle,1,1
7/29,Ireland,Mona Mc SHARRY,Swimming - Women's 100m Breaststroke,3,1
7/29,South Africa,Tatjana SMITH,Swimming - Women's 100m Breaststroke,1,1
7/29,China,TANG Qianting,Swimming - Women's 100m Breaststroke,2,1
7/29,Australia,Ariarne TITMUS,Swimming - Women's 200m Freestyle,2,1
7/29,Australia,Mollie O'CALLAGHAN,Swimming - Women's 200m Freestyle,1,1
7/29,Hong Kong,HAUGHEY Siobhan Bernadette,Swimming - Women's 200m Freestyle,3,1
7/29,United States,Emma WEYANT,Swimming - Women's 400m Individual Medley,3,1
7/29,Canada,Summer McINTOSH,Swimming - Women's 400m Individual Medley,1,1
7/29,United States,Katie GRIMES,Swimming - Women's 400m Individual Medley,2,1
7/30,India,Shooting Team,10m Air Pistol Mixed Team,3,2
7/30,Serbia,Shooting Team,10m Air Pistol Mixed Team,1,2
7/30,Turkey,Shooting Team,10m Air Pistol Mixed Team,2,2
7/30,South Korea,LEE Joonhwan,Judo - Men -81 kg,3,1
7/30,Georgia,Tato GRIGALASHVILI,Judo - Men -81 kg,2,1
7/30,Tajikistan,Somon MAKHMADBEKOV,Judo - Men -81 kg,3,1
7/30,Japan,NAGASE Takanori,Judo - Men -81 kg,1,1
7/30,Slovenia,Andreja LESKI,Judo - Women -63 kg,1,1
7/30,Mexico,Prisca AWITI ALCARAZ,Judo - Women -63 kg,2,1
7/30,Kosovo,Laura FAZLIU,Judo - Women -63 kg,3,1
7/30,France,Clarisse AGBEGNENOU,Judo - Women -63 kg,3,1
7/30,Australia,Swimming Team,Men's 4 x 200m Freestyle Relay,3,6
7/30,Great Britain,Swimming Team,Men's 4 x 200m Freestyle Relay,1,6
7/30,United States,Swimming Team,Men's 4 x 200m Freestyle Relay,2,7
7/30,DPR Korea,Table Tennis Team,Mixed Doubles,2,2
7/30,China,Table Tennis Team,Mixed Doubles,1,2
7/30,South Korea,Table Tennis Team,Mixed Doubles,3,2
7/30,Great Britain,Nathan HALES,Shooting - Trap Men,1,1
7/30,Guatemala,Jean Pierre BROL CARDENAS,Shooting - Trap Men,3,1
7/30,China,QI Ying,Shooting - Trap Men,2,1
7/30,Ireland,Daniel WIFFEN,Swimming - Men's 800m Freestyle,1,1
7/30,United States,Bobby FINKE,Swimming - Men's 800m Freestyle,2,1
7/30,Italy,Gregorio PALTRINIERI,Swimming - Men's 800m Freestyle,3,1
7/30,United States,Katharine BERKOFF,Swimming - Women's 100m Backstroke,3,1
7/30,United States,Regan SMITH,Swimming - Women's 100m Backstroke,2,1
7/30,Australia,Kaylee McKEOWN,Swimming - Women's 100m Backstroke,1,1
7/30,United States,Rugby Sevens Team,Women,3,12
7/30,New Zealand,Rugby Sevens Team,Women,1,12
7/30,Canada,Rugby Sevens Team,Women,2,14
7/30,Poland,Fencing Team,Women's Épée Team,3,4
7/30,France,Fencing Team,Women's Épée Team,2,4
7/30,Italy,Fencing Team,Women's Épée Team,1,4
7/30,Italy,Artistic Gymnastics Team,Women's Team,2,5
7/30,Brazil,Artistic Gymnastics Team,Women's Team,3,5
7/30,United States,Artistic Gymnastics Team,Women's Team,1,5
7/31,China,XIAO Ruoteng,Artistic Gymnastics - Men's All-Around,3,1
7/31,China,ZHANG Boheng,Artistic Gymnastics - Men's All-Around,2,1
7/31,Japan,OKA Shinnosuke,Artistic Gymnastics - Men's All-Around,1,1
7/31,Australia,Jessica FOX,Canoe Slalom - Women's Canoe Single,1,1
7/31,United States,Evy LEIBFARTH,Canoe Slalom - Women's Canoe Single,3,1
7/31,Germany,Elena LILIK,Canoe Slalom - Women's Canoe Single,2,1
7/31,France,Anthony JEANJEAN,Cycling BMX Freestyle - Men's Park,3,1
7/31,Great Britain,Kieran Darren David REILLY,Cycling BMX Freestyle - Men's Park,2,1
7/31,Argentina,Jose TORRES GIL,Cycling BMX Freestyle - Men's Park,1,1
7/31,China,DENG Yawen,Cycling BMX Freestyle - Women's Park,1,1
7/31,Australia,Natalya DIEHM,Cycling BMX Freestyle - Women's Park,3,1
7/31,United States,Perris BENEGAS,Cycling BMX Freestyle - Women's Park,2,1
7/31,Greece,Theodoros TSELIDIS,Judo - Men -90 kg,3,1
7/31,Georgia,Lasha BEKAURI,Judo - Men -90 kg,1,1
7/31,Japan,MURAO Sanshiro,Judo - Men -90 kg,2,1
7/31,France,Maxime-Gael NGAYAP HAMBOU,Judo - Men -90 kg,3,1
7/31,Belgium,Gabriella WILLEMS,Judo - Women -70 kg,3,1
7/31,Croatia,Barbara MATIC,Judo - Women -70 kg,1,1
7/31,Austria,Michaela POLLERES,Judo - Women -70 kg,3,1
7/31,Germany,Miriam BUTKEREIT,Judo - Women -70 kg,2,1
7/31,Netherlands,Rowing Team,Men's Quadruple Sculls,1,4
7/31,Poland,Rowing Team,Men's Quadruple Sculls,3,4
7/31,Italy,Rowing Team,Men's Quadruple Sculls,2,4
7/31,France,Fencing Team,Men's Sabre Team,3,4
7/31,Hungary,Fencing Team,Men's Sabre Team,2,4
7/31,South Korea,Fencing Team,Men's Sabre Team,1,4
7/31,Australia,Penny SMITH,Shooting - Trap Women,3,1
7/31,Guatemala,Adriana RUANO OLIVA,Shooting - Trap Women,1,1
7/31,Italy,Silvana Maria STANCO,Shooting - Trap Women,2,1
7/31,Australia,Kyle CHALMERS,Swimming - Men's 100m Freestyle,2,1
7/31,Romania,David POPOVICI,Swimming - Men's 100m Freestyle,3,1
7/31,China,PAN Zhanle,Swimming - Men's 100m Freestyle,1,1
7/31,Australia,Zac STUBBLETY-COOK,Swimming - Men's 200m Breaststroke,2,1
7/31,France,Leon MARCHAND,Swimming - Men's 200m Breaststroke,1,1
7/31,Netherlands,Caspar CORBEAU,Swimming - Men's 200m Breaststroke,3,1
7/31,Canada,Ilya KHARUN,Swimming - Men's 200m Butterfly,3,1
7/31,France,Leon MARCHAND,Swimming - Men's 200m Butterfly,1,1
7/31,Hungary,Kristof MILAK,Swimming - Men's 200m Butterfly,2,1
7/31,United States,Torri HUSKE,Swimming - Women's 100m Freestyle,2,1
7/31,Hong Kong,HAUGHEY Siobhan Bernadette,Swimming - Women's 100m Freestyle,3,1
7/31,Sweden,Sarah SJOESTROEM,Swimming - Women's 100m Freestyle,1,1
7/31,France,Anastasiia KIRPICHNIKOVA,Swimming - Women's 1500m Freestyle,2,1
7/31,Germany,Isabel GOSE,Swimming - Women's 1500m Freestyle,3,1
7/31,United States,Katie LEDECKY,Swimming - Women's 1500m Freestyle,1,1
7/31,Great Britain,Alex YEE,Triathlon - Men's Individual,1,1
7/31,France,Leo BERGERE,Triathlon - Men's Individual,3,1
7/31,New Zealand,Hayden WILDE,Triathlon - Men's Individual,2,1
7/31,Switzerland,Julie DERRON,Triathlon - Women's Individual,2,1
7/31,France,Cassandre BEAUGRAND,Triathlon - Women's Individual,1,1
7/31,Great Britain,Beth POTTER,Triathlon - Women's Individual,3,1
7/31,Netherlands,Rowing Team,Women's Quadruple Sculls,2,4
7/31,Germany,Rowing Team,Women's Quadruple Sculls,3,4
7/31,Great Britain,Rowing Team,Women's Quadruple Sculls,1,4
7/31,Great Britain,Diving Team,Women's Synchronised 10m Platform,3,2
7/31,China,Diving Team,Women's Synchronised 10m Platform,1,2
7/31,DPR Korea,Diving Team,Women's Synchronised 10m Platform,2,2
8/01,United States,Sunisa LEE,Artistic Gymnastics - Women's All-Around,3,1
8/01,Brazil,Rebeca ANDRADE,Artistic Gymnastics - Women's All-Around,2,1
8/01,United States,Simone BILES,Artistic Gymnastics - Women's All-Around,1,1
8/01,Ecuador,Brian Daniel PINTADO,Athletics - Men's 20km Race Walk,1,1
8/01,Brazil,Caio BONFIM,Athletics - Men's 20km Race Walk,2,1
8/01,Spain,Alvaro MARTIN,Athletics - Men's 20km Race Walk,3,1
8/01,Puerto Rico,Maria PEREZ,Athletics - Women's 20km Race Walk,2,1
8/01,Australia,Jemima MONTAG,Athletics - Women's 20km Race Walk,3,1
8/01,China,YANG Jiayu,Athletics - Women's 20km Race Walk,1,1
8/01,Italy,Giovanni de GENNARO,Canoe Slalom - Men's Kayak Single,1,1
8/01,France,Titouan CASTRYCK,Canoe Slalom - Men's Kayak Single,2,1
8/01,Spain,Pau ECHANIZ,Canoe Slalom - Men's Kayak Single,3,1
8/01,Azerbaijan,Zelym KOTSOIEV,Judo - Men -100 kg,1,1
8/01,Israel,Peter PALTCHIK,Judo - Men -100 kg,3,1
8/01,Uzbekistan,Muzaffarbek TUROBOYEV,Judo - Men -100 kg,3,1
8/01,Georgia,Ilia SULAMANIDZE,Judo - Men -100 kg,2,1
8/01,Portugal,Patricia SAMPAIO,Judo - Women -78 kg,3,1
8/01,China,MA Zhenzhao,Judo - Women -78 kg,3,1
8/01,Israel,Inbar LANIR,Judo - Women -78 kg,2,1
8/01,Italy,Alice BELLANDI,Judo - Women -78 kg,1,1
8/01,Ireland,Rowing Team,Men's Double Sculls,3,2
8/01,Netherlands,Rowing Team,Men's Double Sculls,2,2
8/01,Romania,Rowing Team,Men's Double Sculls,1,2
8/01,United States,Rowing Team,Men's Four,1,4
8/01,Great Britain,Rowing Team,Men's Four,3,4
8/01,New Zealand,Rowing Team,Men's Four,2,4
8/01,China,LIU Yukun,Shooting - 50m Rifle 3 Positions Men,1,1
8/01,Ukraine,Serhiy KULISH,Shooting - 50m Rifle 3 Positions Men,2,1
8/01,India,Swapnil KUSALE,Shooting - 50m Rifle 3 Positions Men,3,1
8/01,Switzerland,Roman MITYUKOV,Swimming - Men's 200m Backstroke,3,1
8/01,Greece,Apostolos CHRISTOU,Swimming - Men's 200m Backstroke,2,1
8/01,Hungary,Hubert KOS,Swimming - Men's 200m Backstroke,1,1
8/01,United States,Kate DOUGLASS,Swimming - Women's 200m Breaststroke,1,1
8/01,Netherlands,Tes SCHOUTEN,Swimming - Women's 200m Breaststroke,3,1
8/01,South Africa,Tatjana SMITH,Swimming - Women's 200m Breaststroke,2,1
8/01,Canada,Summer McINTOSH,Swimming - Women's 200m Butterfly,1,1
8/01,United States,Regan SMITH,Swimming - Women's 200m Butterfly,2,1
8/01,China,ZHANG Yufei,Swimming - Women's 200m Butterfly,3,1
8/01,United States,Swimming Team,Women's 4 x 200m Freestyle Relay,2,7
8/01,China,Swimming Team,Women's 4 x 200m Freestyle Relay,3,6
8/01,Australia,Swimming Team,Women's 4 x 200m Freestyle Relay,1,6
8/01,Romania,Rowing Team,Women's Double Sculls,2,2
8/01,Great Britain,Rowing Team,Women's Double Sculls,3,2
8/01,New Zealand,Rowing Team,Women's Double Sculls,1,2
8/01,United States,Fencing Team,Women's Foil Team,1,4
8/01,Japan,Fencing Team,Women's Foil Team,3,4
8/01,Italy,Fencing Team,Women's Foil Team,2,4
8/01,Great Britain,Rowing Team,Women's Four,2,4
8/01,Netherlands,Rowing Team,Women's Four,1,4
8/01,New Zealand,Rowing Team,Women's Four,3,4
8/02,United States,Grant FISHER,Athletics - Men's 10000m,3,1
8/02,Ethiopia,Berihu AREGAWI,Athletics - Men's 10000m,2,1
8/02,Uganda,Joshua CHEPTEGEI,Athletics - Men's 10000m,1,1
8/02,France,Romain MAHIEU,Cycling BMX Racing - Men,3,1
8/02,France,Joris DAUDET,Cycling BMX Racing - Men,1,1
8/02,France,Sylvain ANDRE,Cycling BMX Racing - Men,2,1
8/02,Netherlands,Manon VEENSTRA,Cycling BMX Racing - Women,2,1
8/02,Australia,Saya SAKAKIBARA,Cycling BMX Racing - Women,1,1
8/02,Switzerland,Zoe CLAESSENS,Cycling BMX Racing - Women,3,1
8/02,France,Teddy RINER,Judo - Men +100 kg,1,1
8/02,South Korea,KIM Minjong,Judo - Men +100 kg,2,1
8/02,Tajikistan,Temur RAKHIMOV,Judo - Men +100 kg,3,1
8/02,Uzbekistan,Alisher YUSUPOV,Judo - Men +100 kg,3,1
8/02,France,Romane DICKO,Judo - Women +78 kg,3,1
8/02,Brazil,Beatriz SOUZA,Judo - Women +78 kg,1,1
8/02,South Korea,KIM Hayun,Judo - Women +78 kg,3,1
8/02,Israel,Raz HERSHKO,Judo - Women +78 kg,2,1
8/02,United States,Equestrian Team,Jumping Team,2,4
8/02,France,Equestrian Team,Jumping Team,3,4
8/02,Great Britain,Equestrian Team,Jumping Team,1,4
8/02,Italy,Rowing Team,Lightweight Men's Double Sculls,2,2
8/02,Ireland,Rowing Team,Lightweight Men's Double Sculls,1,2
8/02,Greece,Rowing Team,Lightweight Men's Double Sculls,3,2
8/02,Greece,Rowing Team,Lightweight Women's Double Sculls,3,2
8/02,Great Britain,Rowing Team,Lightweight Women's Double Sculls,1,2
8/02,Romania,Rowing Team,Lightweight Women's Double Sculls,2,2
8/02,Czechia,Fencing Team,Men's Épée Team,3,4
8/02,Hungary,Fencing Team,Men's Épée Team,1,4
8/02,Japan,Fencing Team,Men's Épée Team,2,4
8/02,Croatia,Rowing Team,Men's Pair,1,2
8/02,Great Britain,Rowing Team,Men's Pair,2,2
8/02,Switzerland,Rowing Team,Men's Pair,3,2
8/02,United States,Sailing Team,Men's Skiff,3,2
8/02,New Zealand,Sailing Team,Men's Skiff,2,2
8/02,Spain,Sailing Team,Men's Skiff,1,2
8/02,China,Diving Team,Men's Synchronised 3m Springboard,1,2
8/02,Great Britain,Diving Team,Men's Synchronised 3m Springboard,3,2
8/02,Mexico,Diving Team,Men's Synchronised 3m Springboard,2,2
8/02,Czechia,Tennis Team,Mixed Doubles,1,2
8/02,China,Badminton Team,Mixed Doubles,1,2
8/02,South Korea,Badminton Team,Mixed Doubles,2,2
8/02,Japan,Badminton Team,Mixed Doubles,3,2
8/02,Canada,Tennis Team,Mixed Doubles,3,2
8/02,China,Tennis Team,Mixed Doubles,2,2
8/02,United States,Archery Team,Mixed Team,3,2
8/02,Germany,Archery Team,Mixed Team,2,2
8/02,South Korea,Archery Team,Mixed Team,1,2
8/02,China,ZHANG Qiongyue,Shooting - 50m Rifle 3 Positions Women,3,1
8/02,Switzerland,Chiara LEONE,Shooting - 50m Rifle 3 Positions Women,1,1
8/02,United States,Sagen MADDALENA,Shooting - 50m Rifle 3 Positions Women,2,1
8/02,Great Britain,Duncan SCOTT,Swimming - Men's 200m Individual Medley,2,1
8/02,China,WANG Shun,Swimming - Men's 200m Individual Medley,3,1
8/02,France,Leon MARCHAND,Swimming - Men's 200m Individual Medley,1,1
8/02,Australia,Cameron McEVOY,Swimming - Men's 50m Freestyle,1,1
8/02,France,Florent MANAUDOU,Swimming - Men's 50m Freestyle,3,1
8/02,Great Britain,Benjamin PROUD,Swimming - Men's 50m Freestyle,2,1
8/02,United States,Regan SMITH,Swimming - Women's 200m Backstroke,2,1
8/02,Australia,Kaylee McKEOWN,Swimming - Women's 200m Backstroke,1,1
8/02,Canada,Kylie MASSE,Swimming - Women's 200m Backstroke,3,1
8/02,Poland,Iga SWIATEK,Tennis - Women's Singles,3,1
8/02,China,WANG Zisai,Trampoline - Men,2,1
8/02,Individual Neutral Athletes,Ivan LITVINOVICH,Trampoline - Men,1,1
8/02,China,YAN Langyu,Trampoline - Men,3,1
8/02,Individual Neutral Athletes,Viyaleta BARDZILOUSKAYA,Trampoline - Women,2,1
8/02,Canada,Sophiane METHOT,Trampoline - Women,3,1
8/02,Great Britain,Bryony PAGE,Trampoline - Women,1,1
8/02,Netherlands,Rowing Team,Women's Pair,1,2
8/02,Australia,Rowing Team,Women's Pair,3,2
8/02,Romania,Rowing Team,Women's Pair,2,2
8/02,Sweden,Sailing Team,Women's Skiff,2,2
8/02,France,Sailing Team,Women's Skiff,3,2
8/02,Netherlands,Sailing Team,Women's Skiff,1,2
8/03,Great Britain,Athletics Team,4 x 400m Relay Mixed,3,9
8/03,Netherlands,Athletics Team,4 x 400m Relay Mixed,1,6
8/03,United States,Athletics Team,4 x 400m Relay Mixed,2,6
8/03,South Korea,LIM Sihyeon,Archery - Women's Individual,1,1
8/03,France,Lisa BARBELIN,Archery - Women's Individual,3,1
8/03,South Korea,NAM Suhyeon,Archery - Women's Individual,2,1
8/03,Israel,Artem DOLGOPYAT,Artistic Gymnastics - Men's Floor Exercise,2,1
8/03,Philippines,Carlos Edriel YULO,Artistic Gymnastics - Men's Floor Exercise,1,1
8/03,Great Britain,Jake JARMAN,Artistic Gymnastics - Men's Floor Exercise,3,1
8/03,Ireland,Rhys MC CLENAGHAN,Artistic Gymnastics - Men's Pommel Horse,1,1
8/03,Kazakhstan,Nariman KURBANOV,Artistic Gymnastics - Men's Pommel Horse,2,1
8/03,United States,Stephen NEDOROSCIK,Artistic Gymnastics - Men's Pommel Horse,3,1
8/03,United States,Jade CAREY,Artistic Gymnastics - Women's Vault,3,1
8/03,Brazil,Rebeca ANDRADE,Artistic Gymnastics - Women's Vault,2,1
8/03,United States,Simone BILES,Artistic Gymnastics - Women's Vault,1,1
8/03,Norway,Markus ROOTH,Athletics - Men's Decathlon,1,1
8/03,Germany,Leo NEUGEBAUER,Athletics - Men's Decathlon,2,1
8/03,Grenada,Lindon VICTOR,Athletics - Men's Decathlon,3,1
8/03,United States,Ryan CROUSER,Athletics - Men's Shot Put,1,1
8/03,Jamaica,Rajindra CAMPBELL,Athletics - Men's Shot Put,3,1
8/03,United States,Joe KOVACS,Athletics - Men's Shot Put,2,1
8/03,United States,Sha'carri RICHARDSON,Athletics - Women's 100m,2,1
8/03,United States,Melissa JEFFERSON,Athletics - Women's 100m,3,1
8/03,Saint Lucia,Julien ALFRED,Athletics - Women's 100m,1,1
8/03,United States,Jasmine MOORE,Athletics - Women's Triple Jump,3,1
8/03,Jamaica,Shanieka RICKETTS,Athletics - Women's Triple Jump,2,1
8/03,Dominica,Thea LAFOND,Athletics - Women's Triple Jump,1,1
8/03,Brazil,Beatriz Iasmin SOARES FERREIRA,Boxing - Women's 60kg,3,1
8/03,Chinese Taipei,WU Shih Yi,Boxing - Women's 60kg,3,1
8/03,France,Valentin MADOUAS,Cycling Road - Men's Road Race,2,1
8/03,Belgium,Remco EVENEPOEL,Cycling Road - Men's Road Race,1,1
8/03,France,Christophe LAPORTE,Cycling Road - Men's Road Race,3,1
8/03,Germany,Equestrian Team,Dressage Team,1,4
8/03,Denmark,Equestrian Team,Dressage Team,2,4
8/03,Great Britain,Equestrian Team,Dressage Team,3,4
8/03,Australia,Tennis Team,Men's Doubles,1,2
8/03,United States,Tennis Team,Men's Doubles,3,2
8/03,United States,Tennis Team,Men's Doubles,2,2
8/03,Great Britain,Rowing Team,Men's Eight,1,9
8/03,Netherlands,Rowing Team,Men's Eight,2,9
8/03,United States,Rowing Team,Men's Eight,3,9
8/03,United States,Swimming Team,Mixed 4 x 100m Medley Relay,1,8
8/03,China,Swimming Team,Mixed 4 x 100m Medley Relay,2,6
8/03,Australia,Swimming Team,Mixed 4 x 100m Medley Relay,3,8
8/03,Brazil,Judo Team,Mixed Team,3,10
8/03,South Korea,Judo Team,Mixed Team,3,11
8/03,France,Judo Team,Mixed Team,1,14
8/03,Japan,Judo Team,Mixed Team,2,14
8/03,Germany,Oliver ZEIDLER,Rowing - Men's Single Sculls,1,1
8/03,Netherlands,Simon van DORP,Rowing - Men's Single Sculls,3,1
8/03,Individual Neutral Athletes,Yauheni ZALATY,Rowing - Men's Single Sculls,2,1
8/03,New Zealand,Emma TWIGG,Rowing - Women's Single Sculls,2,1
8/03,Lithuania,Viktorija SENKUTE,Rowing - Women's Single Sculls,3,1
8/03,Netherlands,Karolien FLORIJN,Rowing - Women's Single Sculls,1,1
8/03,Australia,Grae MORRIS,Sailing - Men's Windsurfing,2,1
8/03,Israel,Tom REUVENY,Sailing - Men's Windsurfing,1,1
8/03,Netherlands,Luuc van OPZEELAND,Sailing - Men's Windsurfing,3,1
8/03,Great Britain,Emma WILSON,Sailing - Women's Windsurfing,3,1
8/03,Israel,Sharon KANTOR,Sailing - Women's Windsurfing,2,1
8/03,Italy,Marta MAGGETTI,Sailing - Women's Windsurfing,1,1
8/03,South Korea,YANG Jiin,Shooting - 25m Pistol Women,1,1
8/03,France,Camille JEDRZEJEWSKI,Shooting - 25m Pistol Women,2,1
8/03,Hungary,Veronika MAJOR,Shooting - 25m Pistol Women,3,1
8/03,United States,Vincent HANCOCK,Shooting - Skeet Men,1,1
8/03,Chinese Taipei,LEE Meng Yuan,Shooting - Skeet Men,3,1
8/03,United States,Conner Lynn PRINCE,Shooting - Skeet Men,2,1
8/03,Canada,Josh LIENDO,Swimming - Men's 100m Butterfly,2,1
8/03,Canada,Ilya KHARUN,Swimming - Men's 100m Butterfly,3,1
8/03,Hungary,Kristof MILAK,Swimming - Men's 100m Butterfly,1,1
8/03,Canada,Summer McINTOSH,Swimming - Women's 200m Individual Medley,1,1
8/03,United States,Kate DOUGLASS,Swimming - Women's 200m Individual Medley,2,1
8/03,Australia,Kaylee McKEOWN,Swimming - Women's 200m Individual Medley,3,1
8/03,United States,Katie LEDECKY,Swimming - Women's 800m Freestyle,1,1
8/03,United States,Paige MADDEN,Swimming - Women's 800m Freestyle,3,1
8/03,Australia,Ariarne TITMUS,Swimming - Women's 800m Freestyle,2,1
8/03,China,CHEN Meng,Table Tennis - Women's Singles,1,1
8/03,China,SUN Yingsha,Table Tennis - Women's Singles,2,1
8/03,Japan,Hina HAYATA,Table Tennis - Women's Singles,3,1
8/03,Italy,Lorenzo MUSETTI,Tennis - Men's Singles,3,1
8/03,Croatia,Donna VEKIC,Tennis - Women's Singles,2,1
8/03,China,ZHENG Qinwen,Tennis - Women's Singles,1,1
8/03,China,Badminton Team,Women's Doubles,1,2
8/03,China,Badminton Team,Women's Doubles,2,2
8/03,Japan,Badminton Team,Women's Doubles,3,2
8/03,Great Britain,Rowing Team,Women's Eight,3,9
8/03,Canada,Rowing Team,Women's Eight,2,9
8/03,Romania,Rowing Team,Women's Eight,1,9
8/03,South Korea,Fencing Team,Women's Sabre Team,2,4
8/03,Ukraine,Fencing Team,Women's Sabre Team,1,4
8/03,Japan,Fencing Team,Women's Sabre Team,3,4
8/04,United States,Brady ELLISON,Archery - Men's Individual,2,1
8/04,South Korea,KIM Woojin,Archery - Men's Individual,1,1
8/04,South Korea,LEE Wooseok,Archery - Men's Individual,3,1
8/04,China,ZOU Jingyuan,Artistic Gymnastics - Men's Rings,2,1
8/04,China,LIU Yang,Artistic Gymnastics - Men's Rings,1,1
8/04,Greece,Eleftherios PETROUNIAS,Artistic Gymnastics - Men's Rings,3,1
8/04,Armenia,Artur DAVTYAN,Artistic Gymnastics - Men's Vault,2,1
8/04,Philippines,Carlos Edriel YULO,Artistic Gymnastics - Men's Vault,1,1
8/04,Great Britain,Harry HEPWORTH,Artistic Gymnastics - Men's Vault,3,1
8/04,China,QIU Qiyuan,Artistic Gymnastics - Women's Uneven Bars,2,1
8/04,United States,Sunisa LEE,Artistic Gymnastics - Women's Uneven Bars,3,1
8/04,Algeria,Kaylia NEMOUR,Artistic Gymnastics - Women's Uneven Bars,1,1
8/04,United States,Noah LYLES,Athletics - Men's 100m,1,1
8/04,Jamaica,Kishane THOMPSON,Athletics - Men's 100m,2,1
8/04,United States,Fred KERLEY,Athletics - Men's 100m,3,1
8/04,Ukraine,Mykhaylo KOKHAN,Athletics - Men's Hammer Throw,3,1
8/04,Hungary,Bence HALASZ,Athletics - Men's Hammer Throw,2,1
8/04,Canada,Ethan KATZBERG,Athletics - Men's Hammer Throw,1,1
8/04,Australia,Eleanor PATTERSON,Athletics - Women's High Jump,3,1
8/04,Australia,Nicola OLYSLAGERS,Athletics - Women's High Jump,2,1
8/04,Ukraine,Yaroslava MAHUCHIKH,Athletics - Women's High Jump,1,1
8/04,Ukraine,Iryna GERASHCHENKO,Athletics - Women's High Jump,3,1
8/04,Indonesia,Gregoria Mariska TUNJUNG,Badminton - Women's Singles,3,1
8/04,Dominican Republic,Yunior ALCANTARA REYES,Boxing - Men's 51kg,3,1
8/04,Cabo Verde,David de PINA,Boxing - Men's 51kg,3,1
8/04,Canada,Wyatt SANFORD,Boxing - Men's 63.5kg,3,1
8/04,Georgia,Lasha GURULI,Boxing - Men's 63.5kg,3,1
8/04,Cuba,Arlen LOPEZ CARDONA,Boxing - Men's 80kg,3,1
8/04,Dominican Republic,Cristian Javier PINALES,Boxing - Men's 80kg,3,1
8/04,Tajikistan,Davlat BOLTAEV,Boxing - Men's 92kg,3,1
8/04,Spain,Enmanuel REYES PLA,Boxing - Men's 92kg,3,1
8/04,South Korea,IM Aeji,Boxing - Women's 54kg,3,1
8/04,DPR Korea,PANG Cholmi,Boxing - Women's 54kg,3,1
8/04,Belgium,Lotte KOPECKY,Cycling Road - Women's Road Race,3,1
8/04,United States,Kristen FAULKNER,Cycling Road - Women's Road Race,1,1
8/04,Netherlands,Marianne VOS,Cycling Road - Women's Road Race,2,1
8/04,Germany,Isabell WERTH,Equestrian - Dressage Individual,2,1
8/04,Germany,Jessica von BREDOW-WERNDL,Equestrian - Dressage Individual,1,1
8/04,Great Britain,Charlotte FRY,Equestrian - Dressage Individual,3,1
8/04,Great Britain,Tommy FLEETWOOD,Golf - Men's Individual Stroke Play,2,1
8/04,Japan,MATSUYAMA Hideki,Golf - Men's Individual Stroke Play,3,1
8/04,United States,Scottie SCHEFFLER,Golf - Men's Individual Stroke Play,1,1
8/04,United States,Swimming Team,Men's 4 x 100m Medley Relay,2,7
8/04,France,Swimming Team,Men's 4 x 100m Medley Relay,3,6
8/04,China,Swimming Team,Men's 4 x 100m Medley Relay,1,5
8/04,Chinese Taipei,Badminton Team,Men's Doubles,1,2
8/04,Malaysia,Badminton Team,Men's Doubles,3,2
8/04,China,Badminton Team,Men's Doubles,2,2
8/04,Japan,Fencing Team,Men's Foil Team,1,4
8/04,France,Fencing Team,Men's Foil Team,3,4
8/04,Italy,Fencing Team,Men's Foil Team,2,4
8/04,United States,Austen Jewell SMITH,Shooting - Skeet Women,3,1
8/04,Chile,Francisca CROVETTO CHADID,Shooting - Skeet Women,1,1
8/04,Great Britain,Amber Jo RUTTER,Shooting - Skeet Women,2,1
8/04,Italy,Gregorio PALTRINIERI,Swimming - Men's 1500m Freestyle,2,1
8/04,Ireland,Daniel WIFFEN,Swimming - Men's 1500m Freestyle,3,1
8/04,United States,Bobby FINKE,Swimming - Men's 1500m Freestyle,1,1
8/04,China,ZHANG Yufei,Swimming - Women's 50m Freestyle,3,1
8/04,Australia,Meg HARRIS,Swimming - Women's 50m Freestyle,2,1
8/04,Sweden,Sarah SJOESTROEM,Swimming - Women's 50m Freestyle,1,1
8/04,China,FAN Zhendong,Table Tennis - Men's Singles,1,1
8/04,Sweden,Truls MOREGARD,Table Tennis - Men's Singles,2,1
8/04,France,Felix LEBRUN,Table Tennis - Men's Singles,3,1
8/04,Serbia,Novak DJOKOVIC,Tennis - Men's Singles,1,1
8/04,Spain,Carlos ALCARAZ,Tennis - Men's Singles,2,1
8/04,United States,Swimming Team,Women's 4 x 100m Medley Relay,1,8
8/04,Australia,Swimming Team,Women's 4 x 100m Medley Relay,2,8
8/04,China,Swimming Team,Women's 4 x 100m Medley Relay,3,7
8/04,Spain,Tennis Team,Women's Doubles,3,2
8/04,Italy,Tennis Team,Women's Doubles,1,2
8/04,Individual Neutral Athletes,Tennis Team,Women's Doubles,2,2
8/05,Japan,OKA Shinnosuke,Artistic Gymnastics - Men's Horizontal Bar,1,1
8/05,Colombia,Angel BARAJAS,Artistic Gymnastics - Men's Horizontal Bar,2,1
8/05,China,ZHANG Boheng,Artistic Gymnastics - Men's Horizontal Bar,3,1
8/05,Chinese Taipei,TANG Chia-Hung,Artistic Gymnastics - Men's Horizontal Bar,3,1
8/05,Japan,OKA Shinnosuke,Artistic Gymnastics - Men's Parallel Bars,3,1
8/05,China,ZOU Jingyuan,Artistic Gymnastics - Men's Parallel Bars,1,1
8/05,Ukraine,Illia KOVTUN,Artistic Gymnastics - Men's Parallel Bars,2,1
8/05,China,ZHOU Yaqin,Artistic Gymnastics - Women's Balance Beam,2,1
8/05,Italy,Alice D'AMATO,Artistic Gymnastics - Women's Balance Beam,1,1
8/05,Italy,Manila ESPOSITO,Artistic Gymnastics - Women's Balance Beam,3,1
8/05,Brazil,Rebeca ANDRADE,Artistic Gymnastics - Women's Floor Exercise,1,1
8/05,United States,Simone BILES,Artistic Gymnastics - Women's Floor Exercise,2,1
8/05,Romania,Ana BARBOSU,Artistic Gymnastics - Women's Floor Exercise,3,1
8/05,United States,Sam KENDRICKS,Athletics - Men's Pole Vault,2,1
8/05,Greece,Emmanouil KARALIS,Athletics - Men's Pole Vault,3,1
8/05,Sweden,Armand DUPLANTIS,Athletics - Men's Pole Vault,1,1
8/05,Kenya,Beatrice CHEBET,Athletics - Women's 5000m,1,1
8/05,Netherlands,Sifan HASSAN,Athletics - Women's 5000m,3,1
8/05,Kenya,Faith KIPYEGON,Athletics - Women's 5000m,2,1
8/05,Ethiopia,Tsige DUGUMA,Athletics - Women's 800m,2,1
8/05,Kenya,Mary MORAA,Athletics - Women's 800m,3,1
8/05,Great Britain,Keely HODGKINSON,Athletics - Women's 800m,1,1
8/05,Croatia,Sandra ELKASEVIC,Athletics - Women's Discus Throw,3,1
8/05,United States,Valarie ALLMAN,Athletics - Women's Discus Throw,1,1
8/05,China,FENG Bin,Athletics - Women's Discus Throw,2,1
8/05,Malaysia,Zii Jia LEE,Badminton - Men's Singles,3,1
8/05,Denmark,Viktor AXELSEN,Badminton - Men's Singles,1,1
8/05,Thailand,Kunlavut VITIDSARN,Badminton - Men's Singles,2,1
8/05,China,HE Bing Jiao,Badminton - Women's Singles,2,1
8/05,South Korea,AN Se Young,Badminton - Women's Singles,1,1
8/05,Germany,Noah HEGGE,Canoe Slalom - Men's Kayak Cross,3,1
8/05,New Zealand,Finn BUTCHER,Canoe Slalom - Men's Kayak Cross,1,1
8/05,Great Britain,Joseph CLARKE,Canoe Slalom - Men's Kayak Cross,2,1
8/05,Great Britain,Kimberley WOODS,Canoe Slalom - Women's Kayak Cross,3,1
8/05,France,Angele HUG,Canoe Slalom - Women's Kayak Cross,2,1
8/05,Australia,Noemie FOX,Canoe Slalom - Women's Kayak Cross,1,1
8/05,Lithuania,Basketball 3x3 Team,Men,3,4
8/05,France,Basketball 3x3 Team,Men,2,4
8/05,Netherlands,Basketball 3x3 Team,Men,1,4
8/05,Germany,Triathlon Team,Mixed Relay,1,4
8/05,United States,Triathlon Team,Mixed Relay,2,4
8/05,Great Britain,Triathlon Team,Mixed Relay,3,4
8/05,China,LI Yuehong,Shooting - 25m Rapid Fire Pistol Men,1,1
8/05,China,WANG Xinjie,Shooting - 25m Rapid Fire Pistol Men,3,1
8/05,South Korea,CHO Yeongjae,Shooting - 25m Rapid Fire Pistol Men,2,1
8/05,Italy,Shooting Team,Skeet Mixed Team,1,2
8/05,United States,Shooting Team,Skeet Mixed Team,2,2
8/05,China,Shooting Team,Skeet Mixed Team,3,2
8/05,France,Kauli VAAST,Surfing - Men,1,1
8/05,Australia,Jack ROBINSON,Surfing - Men,2,1
8/05,Brazil,Gabriel MEDINA,Surfing - Men,3,1
8/05,France,Johanne DEFAY,Surfing - Women,3,1
8/05,United States,Caroline MARKS,Surfing - Women,1,1
8/05,Brazil,Tatiana WESTON-WEBB,Surfing - Women,2,1
8/05,Spain,Basketball 3x3 Team,Women,2,4
8/05,Germany,Basketball 3x3 Team,Women,1,4
8/05,United States,Basketball 3x3 Team,Women,3,4
8/05,New Zealand,Cycling Track Team,Women's Team Sprint,2,4
8/05,Germany,Cycling Track Team,Women's Team Sprint,3,4
8/05,Great Britain,Cycling Track Team,Women's Team Sprint,1,4
8/06,United States,Yared NUGUSE,Athletics - Men's 1500m,3,1
8/06,Great Britain,Josh KERR,Athletics - Men's 1500m,2,1
8/06,United States,Cole HOCKER,Athletics - Men's 1500m,1,1
8/06,Jamaica,Wayne PINNOCK,Athletics - Men's Long Jump,2,1
8/06,Greece,Miltiadis TENTOGLOU,Athletics - Men's Long Jump,1,1
8/06,Italy,Mattia FURLANI,Athletics - Men's Long Jump,3,1
8/06,United States,Brittany BROWN,Athletics - Women's 200m,3,1
8/06,Saint Lucia,Julien ALFRED,Athletics - Women's 200m,2,1
8/06,United States,Gabrielle THOMAS,Athletics - Women's 200m,1,1
8/06,Bahrain,Winfred YAVI,Athletics - Women's 3000m Steeplechase,1,1
8/06,Uganda,Peruth CHEMUTAI,Athletics - Women's 3000m Steeplechase,2,1
8/06,Kenya,Faith CHEROTICH,Athletics - Women's 3000m Steeplechase,3,1
8/06,China,ZHAO Jie,Athletics - Women's Hammer Throw,3,1
8/06,United States,Annette Nneka ECHIKUNWOKE,Athletics - Women's Hammer Throw,2,1
8/06,Canada,Camryn ROGERS,Athletics - Women's Hammer Throw,1,1
8/06,United States,Omari JONES,Boxing - Men's 71kg,3,1
8/06,Great Britain,Lewis RICHARDSON,Boxing - Men's 71kg,3,1
8/06,Philippines,Aira VILLEGAS,Boxing - Women's 50kg,3,1
8/06,Kazakhstan,Nazym KYZAIBAY,Boxing - Women's 50kg,3,1
8/06,China,YANG Wenlu,Boxing - Women's 60kg,2,1
8/06,Ireland,Kellie HARRINGTON,Boxing - Women's 60kg,1,1
8/06,Chinese Taipei,CHEN Nien Chin,Boxing - Women's 66kg,3,1
8/06,Thailand,Janjaem SUWANNAPHENG,Boxing - Women's 66kg,3,1
8/06,China,CHEN Yuxi,Diving - Women's 10m Platform,2,1
8/06,DPR Korea,KIM Mi Rae,Diving - Women's 10m Platform,3,1
8/06,China,QUAN Hongchan,Diving - Women's 10m Platform,1,1
8/06,Germany,Christian KUKUK,Equestrian - Jumping Individual,1,1
8/06,Switzerland,Steve GUERDAT,Equestrian - Jumping Individual,2,1
8/06,Netherlands,Maikel van der VLEUTEN,Equestrian - Jumping Individual,3,1
8/06,Netherlands,Cycling Track Team,Men's Team Sprint,1,4
8/06,Australia,Cycling Track Team,Men's Team Sprint,3,4
8/06,Great Britain,Cycling Track Team,Men's Team Sprint,2,4
8/06,Australia,Arisa TREW,Skateboarding - Women's Park,1,1
8/06,Japan,HIRAKI Cocona,Skateboarding - Women's Park,2,1
8/06,Great Britain,Sky BROWN,Skateboarding - Women's Park,3,1
8/06,Cuba,Mijain LOPEZ NUNEZ,Wrestling - Men's Greco-Roman 130kg,1,1
8/06,IR Iran,Amin MIRZAZADEH,Wrestling - Men's Greco-Roman 130kg,3,1
8/06,Chile,Yasmani ACOSTA FERNANDEZ,Wrestling - Men's Greco-Roman 130kg,2,1
8/06,China,MENG Lingzhe,Wrestling - Men's Greco-Roman 130kg,3,1
8/06,DPR Korea,RI Se Ung,Wrestling - Men's Greco-Roman 60kg,3,1
8/06,Kyrgyzstan,Zholaman SHARSHENBEKOV,Wrestling - Men's Greco-Roman 60kg,3,1
8/06,Japan,FUMITA Kenichiro,Wrestling - Men's Greco-Roman 60kg,1,1
8/06,China,CAO Liguo,Wrestling - Men's Greco-Roman 60kg,2,1
8/06,United States,Amit ELOR,Wrestling - Women's Freestyle 68kg,1,1
8/06,Turkey,Buse CAVUSOGLU TOSUN,Wrestling - Women's Freestyle 68kg,3,1
8/06,Japan,OZAKI Nonoka,Wrestling - Women's Freestyle 68kg,3,1
8/06,Kyrgyzstan,Meerim ZHUMANAZAROVA,Wrestling - Women's Freestyle 68kg,2,1
8/07,Morocco,Soufiane EL BAKKALI,Athletics - Men's 3000m Steeplechase,1,1
8/07,Kenya,Abraham KIBIWOT,Athletics - Men's 3000m Steeplechase,3,1
8/07,United States,Kenneth ROOKS,Athletics - Men's 3000m Steeplechase,2,1
8/07,United States,Quincy HALL,Athletics - Men's 400m,1,1
8/07,Zambia,Muzala SAMUKONGA,Athletics - Men's 400m,3,1
8/07,Great Britain,Matthew HUDSON-SMITH,Athletics - Men's 400m,2,1
8/07,Australia,Matthew DENNY,Athletics - Men's Discus Throw,3,1
8/07,Jamaica,Roje STONA,Athletics - Men's Discus Throw,1,1
8/07,Lithuania,Mykolas ALEKNA,Athletics - Men's Discus Throw,2,1
8/07,Canada,Alysha NEWMAN,Athletics - Women's Pole Vault,3,1
8/07,Australia,Nina KENNEDY,Athletics - Women's Pole Vault,1,1
8/07,United States,Katie MOON,Athletics - Women's Pole Vault,2,1
8/07,France,Djamili-Dini ABOUDOU MOINDZE,Boxing - Men's +92kg,3,1
8/07,Germany,Nelvie Raman TIAFACK,Boxing - Men's +92kg,3,1
8/07,France,Sofiane OUMIHA,Boxing - Men's 63.5kg,2,1
8/07,Cuba,Erislandy ALVAREZ BORGES,Boxing - Men's 63.5kg,1,1
8/07,Kazakhstan,Nurbek ORALBAY,Boxing - Men's 80kg,2,1
8/07,Ukraine,Oleksandr KHYZHNIAK,Boxing - Men's 80kg,1,1
8/07,Philippines,Nesthy PETECIO,Boxing - Women's 57kg,3,1
8/07,Turkey,Esra YILDIZ KAHRAMAN,Boxing - Women's 57kg,3,1
8/07,Spain,Athletics Team,Marathon Race Walk Relay Mixed,1,2
8/07,Ecuador,Athletics Team,Marathon Race Walk Relay Mixed,2,2
8/07,Australia,Athletics Team,Marathon Race Walk Relay Mixed,3,2
8/07,Australia,Cycling Track Team,Men's Team Pursuit,1,5
8/07,Great Britain,Cycling Track Team,Men's Team Pursuit,2,6
8/07,Italy,Cycling Track Team,Men's Team Pursuit,3,5
8/07,Australia,Matt WEARN,Sailing - Men's Dinghy,1,1
8/07,Cyprus,Pavlos KONTIDES,Sailing - Men's Dinghy,2,1
8/07,Peru,Stefano PESCHIERA,Sailing - Men's Dinghy,3,1
8/07,Denmark,Anne-Marie RINDOM,Sailing - Women's Dinghy,2,1
8/07,Netherlands,Marit BOUWMEESTER,Sailing - Women's Dinghy,1,1
8/07,Norway,Line Flem HOEST,Sailing - Women's Dinghy,3,1
8/07,Australia,Keegan PALMER,Skateboarding - Men's Park,1,1
8/07,United States,Tom SCHAAR,Skateboarding - Men's Park,2,1
8/07,Brazil,Augusto AKIO,Skateboarding - Men's Park,3,1
8/07,Poland,Aleksandra MIROSLAW,Sport Climbing - Women's Speed,1,1
8/07,China,DENG Lijuan,Sport Climbing - Women's Speed,2,1
8/07,Poland,Aleksandra KALUCKA,Sport Climbing - Women's Speed,3,1
8/07,Tunisia,Mohamed Khalil JENDOUBI,Taekwondo - Men -58kg,3,1
8/07,France,Cyrian RAVET,Taekwondo - Men -58kg,3,1
8/07,Azerbaijan,Gashim MAGOMEDOV,Taekwondo - Men -58kg,2,1
8/07,South Korea,PARK Taejoon,Taekwondo - Men -58kg,1,1
8/07,Thailand,Panipak WONGPATTANAKIT,Taekwondo - Women -49kg,1,1
8/07,Croatia,Lena STOJKOVIC,Taekwondo - Women -49kg,3,1
8/07,China,GUO Qing,Taekwondo - Women -49kg,2,1
8/07,IR Iran,Mobina NEMATZADEH,Taekwondo - Women -49kg,3,1
8/07,China,Artistic Swimming Team,Team,1,9
8/07,United States,Artistic Swimming Team,Team,2,9
8/07,Spain,Artistic Swimming Team,Team,3,9
8/07,Thailand,Theerapong SILACHAI,Weightlifting - Men's 61kg,2,1
8/07,United States,Hampton MORRIS,Weightlifting - Men's 61kg,3,1
8/07,China,LI Fabin,Weightlifting - Men's 61kg,1,1
8/07,Thailand,Surodchana KHAMBAO,Weightlifting - Women's 49kg,3,1
8/07,Romania,Mihaela Valentina CAMBEI,Weightlifting - Women's 49kg,2,1
8/07,China,HOU Zhihui,Weightlifting - Women's 49kg,1,1
8/07,United States,Cycling Track Team,Women's Team Pursuit,1,6
8/07,Great Britain,Cycling Track Team,Women's Team Pursuit,3,6
8/07,New Zealand,Cycling Track Team,Women's Team Pursuit,2,5
8/07,Armenia,Malkhas AMOYAN,Wrestling - Men's Greco-Roman 77kg,3,1
8/07,Japan,KUSAKA Nao,Wrestling - Men's Greco-Roman 77kg,1,1
8/07,Kazakhstan,Demeu ZHADRAYEV,Wrestling - Men's Greco-Roman 77kg,2,1
8/07,Kyrgyzstan,Akzhol MAKHMUDOV,Wrestling - Men's Greco-Roman 77kg,3,1
8/07,Cuba,Gabriel Alejandro ROSILLO KINDELAN,Wrestling - Men's Greco-Roman 97kg,3,1
8/07,Armenia,Artur ALEKSANYAN,Wrestling - Men's Greco-Roman 97kg,2,1
8/07,IR Iran,Mohammadhadi SARAVI,Wrestling - Men's Greco-Roman 97kg,1,1
8/07,Kyrgyzstan,Uzur DZHUZUPBEKOV,Wrestling - Men's Greco-Roman 97kg,3,1
8/07,China,FENG Ziqi,Wrestling - Women's Freestyle 50kg,3,1
8/07,United States,Sarah Ann HILDEBRANDT,Wrestling - Women's Freestyle 50kg,1,1
8/07,Cuba,Yusneylis GUZMAN LOPEZ,Wrestling - Women's Freestyle 50kg,2,1
8/07,Japan,SUSAKI Yui,Wrestling - Women's Freestyle 50kg,3,1
8/08,United States,Daniel ROBERTS,Athletics - Men's 110m Hurdles,2,1
8/08,Jamaica,Rasheed BROADBELL,Athletics - Men's 110m Hurdles,3,1
8/08,United States,Grant HOLLOWAY,Athletics - Men's 110m Hurdles,1,1
8/08,United States,Noah LYLES,Athletics - Men's 200m,3,1
8/08,Botswana,Letsile TEBOGO,Athletics - Men's 200m,1,1
8/08,United States,Kenneth BEDNAREK,Athletics - Men's 200m,2,1
8/08,Pakistan,Arshad NADEEM,Athletics - Men's Javelin Throw,1,1
8/08,Grenada,Anderson PETERS,Athletics - Men's Javelin Throw,3,1
8/08,India,Neeraj CHOPRA,Athletics - Men's Javelin Throw,2,1
8/08,United States,Anna COCKRELL,Athletics - Women's 400m Hurdles,2,1
8/08,United States,Sydney McLAUGHLIN-LEVRONE,Athletics - Women's 400m Hurdles,1,1
8/08,Netherlands,Femke BOL,Athletics - Women's 400m Hurdles,3,1
8/08,United States,Tara DAVIS-WOODHALL,Athletics - Women's Long Jump,1,1
8/08,United States,Jasmine MOORE,Athletics - Women's Long Jump,3,1
8/08,Germany,Malaika MIHAMBO,Athletics - Women's Long Jump,2,1
8/08,France,Billal BENNAMA,Boxing - Men's 51kg,2,1
8/08,Uzbekistan,Hasanboy DUSMATOV,Boxing - Men's 51kg,1,1
8/08,Bulgaria,Javier IBANEZ DIAZ,Boxing - Men's 57kg,3,1
8/08,Australia,Charlie SENIOR,Boxing - Men's 57kg,3,1
8/08,China,CHANG Yuan,Boxing - Women's 54kg,1,1
8/08,Turkey,Hatice AKBAS,Boxing - Women's 54kg,2,1
8/08,Australia,Caitlin PARKER,Boxing - Women's 75kg,3,1
8/08,Refugee Olympic Team,Cindy Winner DJANKEU NGAMBA,Boxing - Women's 75kg,3,1
8/08,France,Benjamin THOMAS,Cycling Track - Men's Omnium,1,1
8/08,Portugal,Iuri LEITAO,Cycling Track - Men's Omnium,2,1
8/08,Belgium,Fabio van den BOSSCHE,Cycling Track - Men's Omnium,3,1
8/08,New Zealand,Ellesse ANDREWS,Cycling Track - Women's Keirin,1,1
8/08,Netherlands,Hetty van de WOUW,Cycling Track - Women's Keirin,2,1
8/08,Great Britain,Emma FINUCANE,Cycling Track - Women's Keirin,3,1
8/08,China,XIE Siyi,Diving - Men's 3m Springboard,1,1
8/08,Mexico,Osmar OLVERA IBARRA,Diving - Men's 3m Springboard,3,1
8/08,China,WANG Zongyuan,Diving - Men's 3m Springboard,2,1
8/08,Australia,Moesha JOHNSON,Marathon Swimming - Women's 10km,2,1
8/08,Italy,Ginevra TADDEUCCI,Marathon Swimming - Women's 10km,3,1
8/08,Netherlands,Sharon van ROUWENDAAL,Marathon Swimming - Women's 10km,1,1
8/08,Germany,Hockey Team,Men,2,18
8/08,Morocco,Football Team,Men,3,19
8/08,Netherlands,Hockey Team,Men,1,18
8/08,India,Hockey Team,Men,3,16
8/08,Spain,Canoe Sprint Team,Men's Canoe Double 500m,3,2
8/08,Italy,Canoe Sprint Team,Men's Canoe Double 500m,2,2
8/08,China,Canoe Sprint Team,Men's Canoe Double 500m,1,2
8/08,Australia,Canoe Sprint Team,Men's Kayak Four 500m,2,4
8/08,Spain,Canoe Sprint Team,Men's Kayak Four 500m,3,4
8/08,Germany,Canoe Sprint Team,Men's Kayak Four 500m,1,4
8/08,Japan,Sailing Team,Mixed Dinghy,2,2
8/08,Austria,Sailing Team,Mixed Dinghy,1,2
8/08,Sweden,Sailing Team,Mixed Dinghy,3,2
8/08,Argentina,Sailing Team,Mixed Multihull,2,2
8/08,Italy,Sailing Team,Mixed Multihull,1,2
8/08,New Zealand,Sailing Team,Mixed Multihull,3,2
8/08,Netherlands,Annelous LAMMERTS,Sailing - Women's Kite,3,1
8/08,Great Britain,Eleanor ALDRIDGE,Sailing - Women's Kite,1,1
8/08,France,Lauriane NOLOT,Sailing - Women's Kite,2,1
8/08,United States,Sam WATSON,Sport Climbing - Men's Speed,3,1
8/08,Indonesia,Veddriq LEONARDO,Sport Climbing - Men's Speed,1,1
8/08,China,WU Peng,Sport Climbing - Men's Speed,2,1
8/08,Brazil,Edival PONTES,Taekwondo - Men -68kg,3,1
8/08,China,LIANG Yushuai,Taekwondo - Men -68kg,3,1
8/08,Jordan,Zaid KAREEM,Taekwondo - Men -68kg,2,1
8/08,Uzbekistan,Ulugbek RASHITOV,Taekwondo - Men -68kg,1,1
8/08,IR Iran,Nahid KIYANICHANDEH,Taekwondo - Women -57kg,2,1
8/08,Canada,Skylar PARK,Taekwondo - Women -57kg,3,1
8/08,Bulgaria,Alizadeh KIMIA,Taekwondo - Women -57kg,3,1
8/08,South Korea,KIM Yujin,Taekwondo - Women -57kg,1,1
8/08,Indonesia,Rizki JUNIANSYAH,Weightlifting - Men's 73kg,1,1
8/08,Bulgaria,Bozhidar Dimitrov ANDREEV,Weightlifting - Men's 73kg,3,1
8/08,Thailand,Weeraphon WICHUMA,Weightlifting - Men's 73kg,2,1
8/08,Canada,Maude CHARRON,Weightlifting - Women's 59kg,2,1
8/08,Chinese Taipei,KUO Hsing-Chun,Weightlifting - Women's 59kg,3,1
8/08,China,LUO Shifang,Weightlifting - Women's 59kg,1,1
8/08,Germany,Canoe Sprint Team,Women's Kayak Four 500m,2,4
8/08,New Zealand,Canoe Sprint Team,Women's Kayak Four 500m,1,4
8/08,Hungary,Canoe Sprint Team,Women's Kayak Four 500m,3,4
8/08,Cuba,Luis Alberto ORTA SANCHEZ,Wrestling - Men's Greco-Roman 67kg,3,1
8/08,Azerbaijan,Hasrat JAFAROV,Wrestling - Men's Greco-Roman 67kg,3,1
8/08,IR Iran,Saeid ESMAEILI LEIVESI,Wrestling - Men's Greco-Roman 67kg,1,1
8/08,Ukraine,Parviz NASIBOV,Wrestling - Men's Greco-Roman 67kg,2,1
8/08,Denmark,Turpal Ali BISULTANOV,Wrestling - Men's Greco-Roman 87kg,3,1
8/08,Bulgaria,Semen Sergeevich NOVIKOV,Wrestling - Men's Greco-Roman 87kg,1,1
8/08,Ukraine,Zhan BELENIUK,Wrestling - Men's Greco-Roman 87kg,3,1
8/08,IR Iran,Alireza MOHMADIPIANI,Wrestling - Men's Greco-Roman 87kg,2,1
8/08,Ecuador,Lucia Yamileth YEPEZ GUZMAN,Wrestling - Women's Freestyle 53kg,2,1
8/08,DPR Korea,CHOE Hyo Gyong,Wrestling - Women's Freestyle 53kg,3,1
8/08,China,PANG Qianyu,Wrestling - Women's Freestyle 53kg,3,1
8/08,Japan,FUJINAMI Akari,Wrestling - Women's Freestyle 53kg,1,1
8/09,Brazil,Alison dos SANTOS,Athletics - Men's 400m Hurdles,3,1
8/09,Norway,Karsten WARHOLM,Athletics - Men's 400m Hurdles,2,1
8/09,United States,Rai BENJAMIN,Athletics - Men's 400m Hurdles,1,1
8/09,Portugal,Pedro PICHARDO,Athletics - Men's Triple Jump,2,1
8/09,Spain,Jordan Alejandro DIAZ FORTUN,Athletics - Men's Triple Jump,1,1
8/09,Italy,Andy DIAZ HERNANDEZ,Athletics - Men's Triple Jump,3,1
8/09,Netherlands,Sifan HASSAN,Athletics - Women's 10000m,3,1
8/09,Italy,Nadia BATTOCLETTI,Athletics - Women's 10000m,2,1
8/09,Bahrain,Salwa Eid NASER,Athletics - Women's 400m,2,1
8/09,Dominican Republic,Marileidy PAULINO,Athletics - Women's 400m,1,1
8/09,Poland,Natalia KACZMAREK,Athletics - Women's 400m,3,1
8/09,Belgium,Noor VIDTS,Athletics - Women's Heptathlon,3,1
8/09,Belgium,Nafissatou THIAM,Athletics - Women's Heptathlon,1,1
8/09,Great Britain,Katarina JOHNSON-THOMPSON,Athletics - Women's Heptathlon,2,1
8/09,China,SONG Jiayuan,Athletics - Women's Shot Put,3,1
8/09,New Zealand,Maddison-Lee WESCHE,Athletics - Women's Shot Put,2,1
8/09,Germany,Yemisi OGUNLEYE,Athletics - Women's Shot Put,1,1
8/09,Mexico,Marco Alonso VERDE ALVAREZ,Boxing - Men's 71kg,2,1
8/09,Uzbekistan,Asadkhuja MUYDINKHUJAEV,Boxing - Men's 71kg,1,1
8/09,Uzbekistan,Lazizbek MULLOJONOV,Boxing - Men's 92kg,1,1
8/09,Azerbaijan,Loren Berto ALFONSO DOMINGUEZ,Boxing - Men's 92kg,2,1
8/09,Turkey,Buse Naz CAKIROGLU,Boxing - Women's 50kg,2,1
8/09,China,WU Yu,Boxing - Women's 50kg,1,1
8/09,China,YANG Liu,Boxing - Women's 66kg,2,1
8/09,Algeria,Imane KHELIF,Boxing - Women's 66kg,1,1
8/09,Japan,AMI,Breaking - B-Girls,1,1
8/09,Lithuania,NICKA,Breaking - B-Girls,2,1
8/09,China,671,Breaking - B-Girls,3,1
8/09,Republic of Moldova,Serghei TARNOVSCHI,Canoe Sprint - Men's Canoe Single 1000m,3,1
8/09,Czechia,Martin FUKSA,Canoe Sprint - Men's Canoe Single 1000m,1,1
8/09,Brazil,Isaquias QUEIROZ,Canoe Sprint - Men's Canoe Single 1000m,2,1
8/09,Netherlands,Harrie LAVREYSEN,Cycling Track - Men's Sprint,1,1
8/09,Australia,Matthew RICHARDSON,Cycling Track - Men's Sprint,2,1
8/09,Great Britain,Jack CARLIN,Cycling Track - Men's Sprint,3,1
8/09,China,CHANG Yani,Diving - Women's 3m Springboard,3,1
8/09,Australia,Maddison KEENEY,Diving - Women's 3m Springboard,2,1
8/09,China,CHEN Yiwen,Diving - Women's 3m Springboard,1,1
8/09,Hungary,David BETLEHEM,Marathon Swimming - Men's 10km,3,1
8/09,Hungary,Kristof RASOVSZKY,Marathon Swimming - Men's 10km,1,1
8/09,Germany,Oliver KLEMET,Marathon Swimming - Men's 10km,2,1
8/09,Spain,Football Team,Men,1,22
8/09,United States,Volleyball Team,Men,3,13
8/09,France,Football Team,Men,2,21
8/09,Great Britain,Athletics Team,Men's 4 x 100m Relay,3,5
8/09,Canada,Athletics Team,Men's 4 x 100m Relay,1,6
8/09,South Africa,Athletics Team,Men's 4 x 100m Relay,2,5
8/09,Germany,Canoe Sprint Team,Men's Kayak Double 500m,1,2
8/09,Australia,Canoe Sprint Team,Men's Kayak Double 500m,3,2
8/09,Hungary,Canoe Sprint Team,Men's Kayak Double 500m,2,2
8/09,Sweden,Table Tennis Team,Men's Team,2,3
8/09,France,Table Tennis Team,Men's Team,3,3
8/09,China,Table Tennis Team,Men's Team,1,3
8/09,Bulgaria,Boryana KALEYN,Rhythmic Gymnastics - Individual All-Around,2,1
8/09,Germany,Darja VARFOLOMEEV,Rhythmic Gymnastics - Individual All-Around,1,1
8/09,Italy,Sofia RAFFAELI,Rhythmic Gymnastics - Individual All-Around,3,1
8/09,Austria,Valentin BONTUS,Sailing - Men's Kite,1,1
8/09,Singapore,Maximilian MAEDER,Sailing - Men's Kite,3,1
8/09,Slovenia,Toni VODISEK,Sailing - Men's Kite,2,1
8/09,Great Britain,Toby ROBERTS,Sport Climbing - Men's Boulder & Lead,1,1
8/09,Austria,Jakob SCHUBERT,Sport Climbing - Men's Boulder & Lead,3,1
8/09,Japan,ANRAKU Sorato,Sport Climbing - Men's Boulder & Lead,2,1
8/09,Italy,Simone ALESSIO,Taekwondo - Men -80kg,3,1
8/09,Denmark,Edi HRNIC,Taekwondo - Men -80kg,3,1
8/09,IR Iran,Mehran BARKHORDARI,Taekwondo - Men -80kg,2,1
8/09,Tunisia,Firas KATOUSSI,Taekwondo - Men -80kg,1,1
8/09,Belgium,Sarah CHAARI,Taekwondo - Women -67kg,3,1
8/09,United States,Kristina TEACHOUT,Taekwondo - Women -67kg,3,1
8/09,Serbia,Aleksandra PERISIC,Taekwondo - Women -67kg,2,1
8/09,Hungary,Viviana MARTON,Taekwondo - Women -67kg,1,1
8/09,Kenya,Beatrice CHEBET,Trampoline - Women,1,1
8/09,Colombia,Yeison LOPEZ,Weightlifting - Men's 89kg,2,1
8/09,Bulgaria,Karlos May NASAR,Weightlifting - Men's 89kg,1,1
8/09,Italy,Antonino PIZZOLATO,Weightlifting - Men's 89kg,3,1
8/09,United States,Olivia REEVES,Weightlifting - Women's 71kg,1,1
8/09,Ecuador,Angie Paola PALACIOS DAJOMES,Weightlifting - Women's 71kg,3,1
8/09,Colombia,Mari Leivis SANCHEZ,Weightlifting - Women's 71kg,2,1
8/09,Canada,Beach Volleyball Team,Women,2,2
8/09,Brazil,Beach Volleyball Team,Women,1,2
8/09,Switzerland,Beach Volleyball Team,Women,3,2
8/09,Germany,Football Team,Women,3,20
8/09,Argentina,Hockey Team,Women,3,16
8/09,Netherlands,Hockey Team,Women,1,17
8/09,China,Hockey Team,Women,2,17
8/09,Great Britain,Athletics Team,Women's 4 x 100m Relay,2,6
8/09,United States,Athletics Team,Women's 4 x 100m Relay,1,6
8/09,Germany,Athletics Team,Women's 4 x 100m Relay,3,5
8/09,Ukraine,Canoe Sprint Team,Women's Canoe Double 500m,2,2
8/09,Canada,Canoe Sprint Team,Women's Canoe Double 500m,3,2
8/09,China,Canoe Sprint Team,Women's Canoe Double 500m,1,2
8/09,Hungary,Canoe Sprint Team,Women's Kayak Double 500m,2,2
8/09,Hungary,Canoe Sprint Team,Women's Kayak Double 500m,3,2
8/09,New Zealand,Canoe Sprint Team,Women's Kayak Double 500m,1,2
8/09,Germany,Canoe Sprint Team,Women's Kayak Double 500m,3,2
8/09,Netherlands,Cycling Track Team,Women's Madison,3,2
8/09,Italy,Cycling Track Team,Women's Madison,1,2
8/09,Great Britain,Cycling Track Team,Women's Madison,2,2
8/09,United States,Spencer Richard LEE,Wrestling - Men's Freestyle 57kg,2,1
8/09,India,Aman AMAN,Wrestling - Men's Freestyle 57kg,3,1
8/09,Japan,HIGUCHI Rei,Wrestling - Men's Freestyle 57kg,1,1
8/09,Uzbekistan,Gulomjon ABDULLAEV,Wrestling - Men's Freestyle 57kg,3,1
8/09,Bulgaria,Magomed Eldarovitch RAMAZANOV,Wrestling - Men's Freestyle 86kg,1,1
8/09,IR Iran,Hassan YAZDANICHARATI,Wrestling - Men's Freestyle 86kg,2,1
8/09,United States,Aaron Marquel BROOKS,Wrestling - Men's Freestyle 86kg,3,1
8/09,Greece,Dauren KURUGLIEV,Wrestling - Men's Freestyle 86kg,3,1
8/09,Japan,SAKURAI Tsugumi,Wrestling - Women's Freestyle 57kg,1,1
8/09,United States,Helen Louise MAROULIS,Wrestling - Women's Freestyle 57kg,3,1
8/09,Republic of Moldova,Anastasia NICHITA,Wrestling - Women's Freestyle 57kg,2,1
8/09,China,HONG Kexin,Wrestling - Women's Freestyle 57kg,3,1
8/10,Kenya,Ronald KWEMOI,Athletics - Men's 5000m,2,1
8/10,United States,Grant FISHER,Athletics - Men's 5000m,3,1
8/10,Norway,Jakob INGEBRIGTSEN,Athletics - Men's 5000m,1,1
8/10,Algeria,Djamel SEDJATI,Athletics - Men's 800m,3,1
8/10,Kenya,Emmanuel WANYONYI,Athletics - Men's 800m,1,1
8/10,Canada,Marco AROP,Athletics - Men's 800m,2,1
8/10,United States,Shelby McEWEN,Athletics - Men's High Jump,2,1
8/10,Qatar,Mutaz Essa BARSHIM,Athletics - Men's High Jump,3,1
8/10,New Zealand,Hamish KERR,Athletics - Men's High Jump,1,1
8/10,Kenya,Benson KIPRUTO,Athletics - Men's Marathon,3,1
8/10,Belgium,Bashir ABDI,Athletics - Men's Marathon,2,1
8/10,Ethiopia,Tamirat TOLA,Athletics - Men's Marathon,1,1
8/10,France,Cyrena SAMBA-MAYELA,Athletics - Women's 100m Hurdles,2,1
8/10,United States,Masai RUSSELL,Athletics - Women's 100m Hurdles,1,1
8/10,Puerto Rico,Jasmine CAMACHO-QUINN,Athletics - Women's 100m Hurdles,3,1
8/10,Kenya,Faith KIPYEGON,Athletics - Women's 1500m,1,1
8/10,Australia,Jessica HULL,Athletics - Women's 1500m,2,1
8/10,Great Britain,Georgia BELL,Athletics - Women's 1500m,3,1
8/10,South Africa,Jo-Ane van DYK,Athletics - Women's Javelin Throw,2,1
8/10,Czechia,Nikola OGRODNIKOVA,Athletics - Women's Javelin Throw,3,1
8/10,Japan,KITAGUCHI Haruka,Athletics - Women's Javelin Throw,1,1
8/10,Uzbekistan,Bakhodir JALOLOV,Boxing - Men's +92kg,1,1
8/10,Spain,Ayoub GHADFA DRISSI EL AISSAOUI,Boxing - Men's +92kg,2,1
8/10,Uzbekistan,Abdumalik KHALOKOV,Boxing - Men's 57kg,1,1
8/10,Kyrgyzstan,Munarbek SEIITBEK UULU,Boxing - Men's 57kg,2,1
8/10,Chinese Taipei,LIN Yu Ting,Boxing - Women's 57kg,1,1
8/10,Poland,Julia SZEREMETA,Boxing - Women's 57kg,2,1
8/10,China,LI Qian,Boxing - Women's 75kg,1,1
8/10,Panama,Atheyna Bibeichi BYLON,Boxing - Women's 75kg,2,1
8/10,United States,VICTOR,Breaking - B-Boys,3,1
8/10,Canada,PHIL WIZARD,Breaking - B-Boys,1,1
8/10,France,DANY DANN,Breaking - B-Boys,2,1
8/10,Hungary,Balint KOPASZ,Canoe Sprint - Men's Kayak Single 1000m,3,1
8/10,Hungary,Adam VARGA,Canoe Sprint - Men's Kayak Single 1000m,2,1
8/10,Czechia,Josef DOSTAL,Canoe Sprint - Men's Kayak Single 1000m,1,1
8/10,Cuba,Yarisleidis CIRILO DUBOYS,Canoe Sprint - Women's Canoe Single 200m,3,1
8/10,United States,Nevin HARRISON,Canoe Sprint - Women's Canoe Single 200m,2,1
8/10,Canada,Katie VINCENT,Canoe Sprint - Women's Canoe Single 200m,1,1
8/10,Denmark,Emma Aastrand JORGENSEN,Canoe Sprint - Women's Kayak Single 500m,3,1
8/10,New Zealand,Lisa CARRINGTON,Canoe Sprint - Women's Kayak Single 500m,1,1
8/10,Hungary,Tamara CSIPES,Canoe Sprint - Women's Kayak Single 500m,2,1
8/10,China,CAO Yuan,Diving - Men's 10m Platform,1,1
8/10,Great Britain,Noah WILLIAMS,Diving - Men's 10m Platform,3,1
8/10,Japan,TAMAI Rikuto,Diving - Men's 10m Platform,2,1
8/10,Netherlands,Artistic Swimming Team,Duet,3,2
8/10,China,Artistic Swimming Team,Duet,1,2
8/10,Great Britain,Artistic Swimming Team,Duet,2,2
8/10,China,LIN Xiyu Janet,Golf - Women's Individual Stroke Play,3,1
8/10,Germany,Esther HENSELEIT,Golf - Women's Individual Stroke Play,2,1
8/10,New Zealand,Lydia KO,Golf - Women's Individual Stroke Play,1,1
8/10,Israel,Rhythmic Gymnastics Team,Group All-Around,2,5
8/10,China,Rhythmic Gymnastics Team,Group All-Around,1,5
8/10,Italy,Rhythmic Gymnastics Team,Group All-Around,3,5
8/10,Norway,Beach Volleyball Team,Men,3,2
8/10,Poland,Volleyball Team,Men,2,13
8/10,United States,Basketball Team,Men,1,12
8/10,Serbia,Basketball Team,Men,3,12
8/10,France,Basketball Team,Men,2,12
8/10,Germany,Beach Volleyball Team,Men,2,2
8/10,Sweden,Beach Volleyball Team,Men,1,2
8/10,France,Volleyball Team,Men,1,13
8/10,Botswana,Athletics Team,Men's 4 x 400m Relay,2,6
8/10,Great Britain,Athletics Team,Men's 4 x 400m Relay,3,6
8/10,United States,Athletics Team,Men's 4 x 400m Relay,1,7
8/10,Denmark,Cycling Track Team,Men's Madison,3,2
8/10,Italy,Cycling Track Team,Men's Madison,2,2
8/10,Portugal,Cycling Track Team,Men's Madison,1,2
8/10,Italy,Giorgio MALAN,Modern Pentathlon - Men's Individual,3,1
8/10,Japan,SATO Taishu,Modern Pentathlon - Men's Individual,2,1
8/10,Egypt,Ahmed ELGENDY,Modern Pentathlon - Men's Individual,1,1
8/10,Slovenia,Janja GARNBRET,Sport Climbing - Women's Boulder & Lead,1,1
8/10,Austria,Jessica PILZ,Sport Climbing - Women's Boulder & Lead,3,1
8/10,United States,Brooke RABOUTOU,Sport Climbing - Women's Boulder & Lead,2,1
8/10,Cuba,Rafael ALBA,Taekwondo - Men +80kg,3,1
8/10,Cote d'Ivoire,Cheick Sallah CISSE,Taekwondo - Men +80kg,3,1
8/10,Great Britain,Caden CUNNINGHAM,Taekwondo - Men +80kg,2,1
8/10,IR Iran,Arian SALIMI,Taekwondo - Men +80kg,1,1
8/10,France,Althea LAURIN,Taekwondo - Women +67kg,1,1
8/10,Turkey,Nafia KUS AYDIN,Taekwondo - Women +67kg,3,1
8/10,Uzbekistan,Svetlana OSIPOVA,Taekwondo - Women +67kg,2,1
8/10,South Korea,LEE Dabin,Taekwondo - Women +67kg,3,1
8/10,Bahrain,Gor MINASYAN,Weightlifting - Men's +102kg,3,1
8/10,Georgia,Lasha TALAKHADZE,Weightlifting - Men's +102kg,1,1
8/10,Armenia,Varazdat LALAYAN,Weightlifting - Men's +102kg,2,1
8/10,Individual Neutral Athletes,Yauheni TSIKHANTSOU,Weightlifting - Men's 102kg,3,1
8/10,China,LIU Huanhua,Weightlifting - Men's 102kg,1,1
8/10,Uzbekistan,Akbar DJURAEV,Weightlifting - Men's 102kg,2,1
8/10,Egypt,Sara AHMED,Weightlifting - Women's 81kg,2,1
8/10,Ecuador,Neisi Patricia DAJOMES BARRERA,Weightlifting - Women's 81kg,3,1
8/10,Norway,Solfrid Eila Amena KOANDA,Weightlifting - Women's 81kg,1,1
8/10,Spain,Water Polo Team,Women,1,13
8/10,Brazil,Football Team,Women,2,22
8/10,United States,Football Team,Women,1,20
8/10,France,Handball Team,Women,2,17
8/10,Norway,Handball Team,Women,1,15
8/10,Denmark,Handball Team,Women,3,15
8/10,Brazil,Volleyball Team,Women,3,13
8/10,Australia,Water Polo Team,Women,2,13
8/10,Netherlands,Water Polo Team,Women,3,13
8/10,United States,Athletics Team,Women's 4 x 400m Relay,1,6
8/10,Great Britain,Athletics Team,Women's 4 x 400m Relay,3,8
8/10,Netherlands,Athletics Team,Women's 4 x 400m Relay,2,5
8/10,China,Table Tennis Team,Women's Team,1,3
8/10,Japan,Table Tennis Team,Women's Team,2,3
8/10,South Korea,Table Tennis Team,Women's Team,3,3
8/10,Azerbaijan,Giorgi MESHVILDISHVILI,Wrestling - Men's Freestyle 125kg,3,1
8/10,Georgia,Geno PETRIASHVILI,Wrestling - Men's Freestyle 125kg,1,1
8/10,IR Iran,Amir Hossein ZARE,Wrestling - Men's Freestyle 125kg,2,1
8/10,Turkey,Taha AKGUL,Wrestling - Men's Freestyle 125kg,3,1
8/10,United States,Kyle Douglas DAKE,Wrestling - Men's Freestyle 74kg,3,1
8/10,Albania,Chermen VALIEV,Wrestling - Men's Freestyle 74kg,3,1
8/10,Japan,TAKATANI Daichi,Wrestling - Men's Freestyle 74kg,2,1
8/10,Uzbekistan,Razambek Salambekovitch JAMALOV,Wrestling - Men's Freestyle 74kg,1,1
8/10,Japan,MOTOKI Sakura,Wrestling - Women's Freestyle 62kg,1,1
8/10,Norway,Grace Jacob BULLEN,Wrestling - Women's Freestyle 62kg,3,1
8/10,Ukraine,Iryna KOLIADENKO,Wrestling - Women's Freestyle 62kg,2,1
8/10,Kyrgyzstan,Aisuluu TYNYBEKOVA,Wrestling - Women's Freestyle 62kg,3,1
8/11,Ethiopia,Tigst ASSEFA,Athletics - Women's Marathon,2,1
8/11,Kenya,Hellen OBIRI,Athletics - Women's Marathon,3,1
8/11,Netherlands,Sifan HASSAN,Athletics - Women's Marathon,1,1
8/11,Australia,Matthew RICHARDSON,Cycling Track - Men's Keirin,2,1
8/11,Netherlands,Harrie LAVREYSEN,Cycling Track - Men's Keirin,1,1
8/11,Australia,Matthew GLAETZER,Cycling Track - Men's Keirin,3,1
8/11,Poland,Daria PIKULIK,Cycling Track - Women's Omnium,2,1
8/11,New Zealand,Ally WOLLASTON,Cycling Track - Women's Omnium,3,1
8/11,United States,Jennifer VALENTE,Cycling Track - Women's Omnium,1,1
8/11,Great Britain,Emma FINUCANE,Cycling Track - Women's Sprint,3,1
8/11,New Zealand,Ellesse ANDREWS,Cycling Track - Women's Sprint,1,1
8/11,Germany,Lea FRIEDRICH,Cycling Track - Women's Sprint,2,1
8/11,United States,Water Polo Team,Men,3,13
8/11,Denmark,Handball Team,Men,1,16
8/11,Germany,Handball Team,Men,2,16
8/11,Spain,Handball Team,Men,3,15
8/11,Croatia,Water Polo Team,Men,2,13
8/11,Serbia,Water Polo Team,Men,1,13
8/11,Hungary,Michelle GULYAS,Modern Pentathlon - Women's Individual,1,1
8/11,France,Elodie CLOUVEL,Modern Pentathlon - Women's Individual,2,1
8/11,South Korea,SEONG Seungmin,Modern Pentathlon - Women's Individual,3,1
8/11,South Korea,PARK Hyejeong,Weightlifting - Women's +81kg,2,1
8/11,Great Britain,Emily CAMPBELL,Weightlifting - Women's +81kg,3,1
8/11,China,LI Wenwen,Weightlifting - Women's +81kg,1,1
8/11,Italy,Volleyball Team,Women,1,13
8/11,United States,Basketball Team,Women,1,12
8/11,Australia,Basketball Team,Women,3,12
8/11,France,Basketball Team,Women,2,12
8/11,United States,Volleyball Team,Women,2,13
8/11,Puerto Rico,Sebastian C RIVERA,Wrestling - Men's Freestyle 65kg,3,1
8/11,Japan,KIYOOKA Kotaro,Wrestling - Men's Freestyle 65kg,1,1
8/11,IR Iran,Rahman AMOUZADKHALILI,Wrestling - Men's Freestyle 65kg,2,1
8/11,Albania,Islam DUDAEV,Wrestling - Men's Freestyle 65kg,3,1
8/11,IR Iran,Amirali AZARPIRA,Wrestling - Men's Freestyle 97kg,3,1
8/11,Azerbaijan,Magomedkhan MAGOMEDOV,Wrestling - Men's Freestyle 97kg,3,1
8/11,Bahrain,Akhmed TAZHUDINOV,Wrestling - Men's Freestyle 97kg,1,1
8/11,Georgia,Givi MATCHARASHVILI,Wrestling - Men's Freestyle 97kg,2,1
8/11,Colombia,Tatiana RENTERIA RENTERIA,Wrestling - Women's Freestyle 76kg,3,1
8/11,Cuba,Milaimy de la Carid. MARIN POTRILLE,Wrestling - Women's Freestyle 76kg,3,1
8/11,Japan,KAGAMI Yuka,Wrestling - Women's Freestyle 76kg,1,1
8/11,United States,Kennedy Alexis BLADES,Wrestling - Women's Freestyle 76kg,2,1