671,0,0,1
A'ja WILSON,1,0,0
A. SKINNER,0,1,0
Aaliyah BUTLER,1,0,0
Aaron BROWN,1,0,0
Aaron CHIA,0,0,1
Aaron GRANDIDIER NKANANG,1,0,0
Aaron Marquel BROOKS,0,0,1
Abbey WEITZEIL,1,1,0
Abby ANDREWS,0,1,0
Abby DENT,0,1,0
Abde EZZALZOULI,0,0,1
Abdullah YILDIRMIS,0,0,1
Abdumalik KHALOKOV,1,0,0
ABE Hifumi,1,1,0
ABE Uta,0,1,0
Abel RUIZ,1,0,0
Abel SERDIO,0,0,1
Abhishek ABHISHEK,0,0,1
Abraham KIBIWOT,0,0,1
Achraf HAKIMI,0,0,1
Adam BURGESS,0,1,0
Adam PEATY,0,1,0
Adam VARGA,0,1,0
Adar FRIEDMANN,0,1,0
Adil OSMANOV,0,0,1
Adil TAHIF,0,0,1
Adrian BERNABE,1,0,0
Adrian FIGUERAS,0,0,1
Adrian WEINBERG,0,0,1
ADRIANA,0,1,0
Adriana ADAM,1,0,0
Adriana RUANO OLIVA,1,0,0
Adrien TRUFFERT,0,1,0
Agnese DURANTI,0,0,1
Agostina ALONSO,0,0,1
Agustin CASADO,0,0,1
Agustina ALBERTARRIO,0,0,1
Agustina GORZELANY,0,0,1
Ahmed ELGENDY,1,0,0
Aimar OROZ,1,0,0
Aira VILLEGAS,0,0,1
Aisuluu TYNYBEKOVA,0,0,1
AKAMA Liz,0,1,0
Akani SIMBINE,0,1,0
Akbar DJURAEV,0,1,0
Akhmed TAZHUDINOV,1,0,0
Akram NAKACH,0,0,1
Akzhol MAKHMUDOV,0,0,1
Alan HATHERLY,0,0,1
Alanna SMITH,0,0,1
Alberta SANTUCCIO,1,0,0
Aleia HOBBS,1,0,0
Aleix GOMEZ,0,0,1
Alejandra VALENCIA,0,0,1
Alejandro ITURBE,1,0,0
Aleksa AVRAMOVIC,0,0,1
Aleksandra JARECKA,0,0,1
Aleksandra KALUCKA,0,0,1
Aleksandra MIROSLAW,1,0,0
Aleksandra PERISIC,0,1,0
Alena OLSEN,0,0,1
Alena SAILI,1,0,0
Alessa PROEPSTER,0,0,1
Alessandro MIRESSI,0,0,1
Alessia MAURELLI,0,0,1
Alessio FOCONI,0,1,0
Alev KELTER,0,0,1
Alex BAENA,1,0,0
Alex BOWEN,0,0,1
Alex DUJSHEBAEV,0,0,1
Alex HAYDOCK-WILSON,0,0,2
Alex OBERT,0,0,1
Alex SEDRICK,0,0,1
Alex SHACKELL,1,1,0
Alex YEE,1,0,1
Alexandra BURGHARDT,0,0,1
Alexandra Le,0,0,1
Alexandra LOUIS-MARIE,0,1,0
Alexandra POPP,0,0,1
Alexandre LACAZETTE,0,1,0
Alexandria PERKINS,0,1,0
Alexia CHERY,0,1,0
Alexis HOLMES,1,0,0
Alexis LEBRUN,0,0,1
Alice BELLANDI,1,0,0
Alice D'AMATO,1,1,0
Alice VOLPI,0,1,0
Alice WILLIAMS,0,1,0
Alicia HOSKIN,2,0,0
Alicia TOUBLANC,0,1,0
Alicja KLASIK,0,0,1
Alida Dora GAZSO,0,1,1
Alina KOMASHCHUK,1,0,0
Alireza MOHMADIPIANI,0,1,0
Alisa OZHOGINA OZHOGIN,0,0,1
Alisher YUSUPOV,0,0,1
Alison dos SANTOS,0,0,1
Alizadeh KIMIA,0,0,1
Ally WOLLASTON,0,1,1
Alpha Oumar DJALO,1,0,0
Althea LAURIN,1,0,0
Althea REINHARDT,0,0,1
Alvaro MARTIN,1,0,1
Alysha CORRIGAN,0,1,0
Alysha NEWMAN,0,0,1
Alyssa NAEHER,1,0,0
Alyssa THOMAS,1,0,0
Amalia BERES,1,0,0
Aman AMAN,0,0,1
Amandine BUCHARD,1,0,1
Amber ANNING,0,0,2
Amber Jo RUTTER,0,1,0
AMI,1,0,0
Amin MIRZAZADEH,0,0,1
Amir Hossein ZARE,0,1,0
Amir RICHARDSON,0,0,1
Amirali AZARPIRA,0,0,1
Amit ELOR,1,0,0
Amit ROHIDAS,0,0,1
Amy ATWELL,0,0,1
Amy HUNT,0,1,0
AN Baul,0,0,1
AN Qixuan,0,1,0
AN Se Young,1,0,0
Ana BARBOSU,0,0,1
ANA CRISTINA,0,0,1
Ana Patricia SILVA RAMOS,1,0,0
Ana VAZQUEZ,0,0,1
ANA VITORIA,0,1,0
Anastasia NICHITA,0,1,0
Anastasiia KIRPICHNIKOVA,0,1,0
Anastasiia RYBACHOK,0,1,0
Ancuta BODNAR,1,1,0
Anders Berntsen MOL,0,0,1
ANDERSON,0,0,1
Anderson PETERS,0,0,1
Andras SZATMARI,0,1,0
Andre De GRASSE,1,0,0
Andrea PANIZZA,0,1,0
Andrea SPENDOLINI SIRIEIX,0,0,1
Andreas WOLFF,0,1,0
Andrei Sebastian CORNEA,1,0,0
Andreja LESKI,1,0,0
Andrew ALBICY,0,1,0
Andrew GOULD,0,0,1
Andrin GULICH,0,0,1
Andy DIAZ HERNANDEZ,0,0,1
Andy DIOUF,0,1,0
Andy TIMO,1,0,0
Angel BARAJAS,0,1,0
Angela ANDREOLI,0,1,0
Angela RUIZ,0,0,1
Angele HUG,0,1,0
ANGELINA,0,1,0
Angie Paola PALACIOS DAJOMES,0,0,1
Anita ALVAREZ,0,1,0
Ann-Katrin BERGER,0,0,1
Anna COCKRELL,0,1,0
Anna HENDERSON,0,1,0
Anna MORRIS,0,0,1
Anna PEPLOWSKI,0,1,0
Annabelle McINTYRE,0,0,1
Anne-Marie RINDOM,0,1,0
Anne Mette HANSEN,0,0,1
Anne van de WIEL,0,1,0
Anne VEENENDAAL,1,0,0
Annelous LAMMERTS,0,0,1
Annette DUETZ,1,0,0
Annette Nneka ECHIKUNWOKE,0,1,0
Anni ESPAR LLAQUET,1,0,0
Annie CAMPBELL-ORDE,0,0,1
ANRAKU Sorato,0,1,0
Ante VUKICEVIC,0,1,0
Anthony DAVIS,1,0,0
Anthony EDWARDS,1,0,0
Anthony HARDING,0,0,1
Anthony JEANJEAN,0,0,1
Anthony PESELA,0,1,0
Antoine DUPONT,1,0,0
Antoine ZEGHDAR,1,0,0
Anton DAHLBERG,0,0,1
Anton KALLBERG,0,1,0
ANTONIA,0,1,0
Antonino PIZZOLATO,0,0,1
Antonios PAPAKONSTANTINOU,0,0,1
ANTROPOVA,1,0,0
Apostolos CHRISTOU,0,1,0
Arian SALIMI,1,0,0
Ariana RAMSEY,0,0,1
Arianna ERRIGO,0,1,0
Ariarne TITMUS,2,2,0
Arisa TREW,1,0,0
Arlen LOPEZ CARDONA,0,0,1
Armand DUPLANTIS,1,0,0
Arnau TENAS,1,0,0
Arnaud KALIMUENDO,0,1,0
Aron SZILAGYI,0,1,0
Arshad NADEEM,1,0,0
Artem DOLGOPYAT,0,1,0
Artur ALEKSANYAN,0,1,0
Artur DAVTYAN,0,1,0
Arvin SLAGTER,1,0,0
Asadkhuja MUYDINKHUJAEV,1,0,0
Asher HONG,0,0,1
Asia HOGAN-ROCHESTER,0,1,0
Atheyna Bibeichi BYLON,0,1,0
Audrey GOGNIAT,0,0,1
Audrey KWON,0,1,0
Augusto AKIO,0,0,1
Aurelien DIESSE,1,0,0
Aurelijus PUKELIS,0,0,1
Auriane MALLO-BRETON,0,2,0
Austen Jewell SMITH,0,1,1
Austin KRAJICEK,0,1,0
Avalon WASTENEYS,0,1,0
AVERILL,0,0,1
Ayoub GHADFA DRISSI EL AISSAOUI,0,1,0
AZUMA Sera,0,0,1
Baasankhuu BAVUUDORJ,0,1,0
Bakhodir JALOLOV,1,0,0
Balint KOPASZ,0,0,1
Bam ADEBAYO,1,0,0
BAN Hyojin,1,0,0
Baptiste ADDIS,0,1,0
Barbara MATIC,1,0,0
Bashir ABDI,0,1,0
Bayanda WALAZA,0,1,0
Bayapo NDORI,0,1,0
Bea ORTIZ,1,0,0
Beatrice CHEBET,2,0,0
Beatriz Iasmin SOARES FERREIRA,0,0,1
Beatriz SOUZA,1,0,1
Becky MOODY,0,0,1
Ben HALLOCK,0,0,1
Ben JEFFERIES,0,0,1
Ben MAHER,1,0,0
Benat TURRIENTES,1,0,0
Bence HALASZ,0,1,0
Bence NADAS,0,1,0
Benjamin BOUCHOUARI,0,0,1
Benjamin PROUD,0,1,0
Benjamin RICHARDSON,0,1,0
Benjamin THOMAS,1,0,0
Benson KIPRUTO,0,0,1
Bente PAULIS,0,1,0
Bente ROGGE,0,0,1
Benthe BOONSTRA,1,0,0
BERGMANN,0,0,1
Berihu AREGAWI,0,0,1
Berkim TUMER,0,0,1
Beth POTTER,0,0,2
Bianca WILLIAMS,0,1,0
Bibiane SCHULZE SOLANO,0,0,1
BIENIEK,0,1,0
Bilal COULIBALY,0,1,0
Bilal EL KHANNOUSS,0,0,1
Billal BENNAMA,0,1,0
Blake PIERONI,0,1,0
Blanca TOLEDANO LAUT,0,0,1
Bobby FINKE,1,1,0
Bogdan BOGDANOVIC,0,0,1
Bolade APITHY,0,0,1
BOLADZ,0,1,0
Boryana KALEYN,0,1,0
BOSETTI,1,0,0
Bozhidar Dimitrov ANDREEV,0,0,1
Bradley LOCKO,0,1,0
Bradley NKOANA,0,1,0
Brady ELLISON,0,1,1
Brandie WILKERSON,0,1,0
Breanna STEWART,1,0,0
Bregje de BROUWER,0,0,1
Brendon RODNEY,1,0,0
Brian Daniel PINTADO,1,1,0
Brianna THROSSELL,1,0,0
Brigitte SLEEKING,0,0,1
Brittany BROWN,0,0,1
Brittney GRINER,1,0,0
BRIZARD,1,0,0
Brody MALONE,0,0,1
Bronte CAMPBELL,1,0,0
Bronte HALLIGAN,0,1,0
Brooke FRANCIS,1,0,0
Brooke RABOUTOU,0,1,0
Brooks CURRY,0,1,0
Bryce DEADMON,1,1,0
Bryony BOTHA,0,1,0
Bryony PAGE,1,0,0
Busang Collen KEBINATSHIPI,0,1,0
Buse CAVUSOGLU TOSUN,0,0,1
Buse Naz CAKIROGLU,0,1,0
Caden CUNNINGHAM,0,1,0
Caeleb DRESSEL,2,1,0
Caileigh FILMER,0,1,0
Caio BONFIM,0,1,0
Caitlin PARKER,0,0,1
Calista LIU,0,1,0
CAMBI,1,0,0
Cameron McEVOY,1,0,0
Camilla HERREM,1,0,0
Camille JEDRZEJEWSKI,0,1,0
Camryn ROGERS,1,0,0
CAO Liguo,0,1,0
CAO Yuan,1,0,0
Carissa NORSTEN,0,1,0
Carl HESTER,0,0,1
CARLE,1,0,0
CARLINI,0,1,0
Carlo TACCHINI,0,1,0
Carlos ALCARAZ,0,1,0
Carlos AREVALO,0,0,1
Carlos Edriel YULO,2,0,0
CAROL,0,0,1
Caroline CROSSLEY,0,1,0
Caroline MARKS,1,0,0
Carson FOSTER,0,1,1
Casey KAUFHOLD,0,0,1
Casey KRUEGER,1,0,0
Casey MURPHY,1,0,0
Caspar CORBEAU,0,0,1
Cassandre BEAUGRAND,1,0,0
Castello LUKEBA,0,1,0
Caterina Marianna BANTI,1,0,0
Cathelijn PEETERS,1,0,0
Cathrine LAUDRUP-DUFOUR,0,1,0
Cayla GEORGE,0,0,1
CHANG Hao,1,0,0
CHANG Yani,1,0,1
CHANG Yuan,1,0,0
Charity WILLIAMS,0,1,0
Charles DOBSON,0,0,1
Charles ELWES,1,0,0
Charlie CARVELL,0,0,1
Charlie SENIOR,0,0,1
Charlie SWANSON,1,1,0
Charlie TANFIELD,0,1,0
Charline PICON,0,0,1
Charlize ANDREWS,0,1,0
Charlotte FRY,0,0,2
Chase William DODD,0,0,1
Cheick Sallah CISSE,0,0,1
Chelsea GRAY,1,0,0
CHEN Meng,2,0,0
CHEN Nien Chin,0,0,1
CHEN Qing Chen,1,0,0
CHEN Yang,0,1,0
CHEN Yi,0,1,0
CHEN Yiwen,2,0,0
CHEN Yuxi,1,1,0
CHENG Wentao,1,0,0
CHENG Yujie,0,0,1
Chermen VALIEV,0,0,1
CHEUNG Ka Long,1,0,0
Chiara CONSONNI,1,0,0
Chiara LEONE,1,0,0
CHINENYEZE,1,0,0
Chloe DANIELS,0,1,0
Chloe DYGERT,1,0,1
Chloe VALENTINI,0,1,0
CHO Yeongjae,0,1,0
CHOE Hyo Gyong,0,0,1
CHOI Sebin,0,1,0
Chris CARLSON,0,0,1
Chris GUILIANO,1,1,0
Chrislain MATSIMA,0,1,0
Christa DEGUCHI,1,0,0
CHRISTENSON,0,0,1
Christian KUKUK,1,0,0
Christian Sandlie SOERUM,0,0,1
Christian TABASH,0,0,1
Christie GROBBELAAR,0,0,1
Christoph STEINERT,0,1,0
Christophe LAPORTE,0,0,1
Christopher BAILEY,1,0,0
Christopher BURTON,0,1,0
Christopher RUEHR,0,1,0
Cierra BURDICK,0,0,1
Cindy Winner DJANKEU NGAMBA,0,0,1
Claire WEINSTEIN,0,1,0
Clarisse AGBEGNENOU,1,0,1
Clark DEAN,0,0,1
Clemens WICKLER,0,1,0
Clement SECCHI,0,0,1
Cleopatre DARLEUX MINGAM,0,1,0
CLEVENOT,1,0,0
Cole HOCKER,1,0,0
Conner Lynn PRINCE,0,1,0
Conor LEAHY,1,0,0
COOK,0,1,0
Coralie LASSOURCE,0,1,0
Coraline VITALIS,0,1,0
Courtney LINDSEY,1,0,0
Cristhian MOSQUERA,1,0,0
Cristian Javier PINALES,0,0,1
Cristina BUCSA,0,0,1
Cristina COSENTINO,0,0,1
Croix BETHUNE,1,0,0
Crystal DUNN,1,0,0
Csanad GEMESI,0,1,0
Cyrena SAMBA-MAYELA,0,1,0
Cyrian RAVET,0,0,1
Daire LYNCH,0,0,1
Damir MIKEC,1,0,0
DAN Wen,0,1,0
DANESI,1,0,0
Daniel BACHMANN ANDERSEN,0,1,0
Daniel BIGHAM,0,1,0
Daniel CARGNIN,0,0,1
Daniel DUJSHEBAEV,0,0,1
Daniel FERNANDEZ,0,0,1
Daniel ROBERTS,0,1,0
Daniel WIFFEN,1,0,1
Daniela MOGUREAN,0,0,1
Daniella RAMIREZ,0,1,0
Danijela JACKOVICH,0,1,0
DANY DANN,0,1,0
Daria PIKULIK,0,1,0
Darja VARFOLOMEEV,1,0,0
Daryll NEITA,0,1,0
Dauren KURUGLIEV,0,0,1
David AHMAN,1,0,0
David AMBLER,0,0,1
David BETLEHEM,0,0,1
David de PINA,0,0,1
David NAGY,1,0,0
David POPOVICI,1,0,1
David SPAETH,0,1,0
Davina WADDY,0,0,1
Davlat BOLTAEV,0,0,1
DE GENNARO,1,0,0
Dearica HAMBY,0,0,1
DEFALCO,0,0,1
Dejan DAVIDOVAC,0,0,1
Demeu ZHADRAYEV,0,1,0
DENG Lijuan,0,1,0
DENG Yawen,1,0,0
Denis VIERU,0,0,1
Derck de VILDER,1,0,0
Derrick WHITE,1,0,0
Desire DOUE,0,1,0
Desiree HENRY,0,1,0
Devin BOOKER,1,0,0
DIANA,0,0,1
Diana BACOSI,1,0,0
Diana SHNAIDER,0,1,0
Diana SVERTSOV,0,1,0
Diana TAURASI,1,0,0
Diego BOTIN le CHEVER,1,0,0
Diego DOMINGUEZ,0,0,1
Diego LOPEZ,1,0,0
Dieuwke FETTER,0,1,0
Dimeo van der HORST,1,0,0
Dimitra KONTOU,0,0,1
Dina ASHER-SMITH,0,1,0
DING Xinyi,1,0,0
Distria KRASNIQI,0,1,0
Diyora KELDIYOROVA,1,0,0
Djamel SEDJATI,0,0,1
Djamili-Dini ABOUDOU MOINDZE,0,0,1
DO Gyeongdong,1,0,0
Dominik CZAJA,0,0,1
Dominique MALONGA,0,1,0
Donna VEKIC,0,1,0
Drew HOLLAND,0,0,1
Drew KIBLER,0,1,0
DREWS,0,1,0
Duan ASEMOTA,1,0,0
Duco TELGENKAMP,1,0,0
DUDA SAMPAIO,0,1,0
Duncan SCOTT,1,1,0
Dusan MANDIC,1,0,0
Dylan WOODHEAD,0,0,1
E. SHOJI,0,0,1
Ed LOWE,0,1,0
Edi HRNIC,0,0,1
Edival PONTES,0,0,1
Eduarda SANTOS LISBOA,1,0,0
EGONU,1,0,0
Eleanor ALDRIDGE,1,0,0
Eleanor HARVEY,0,0,1
Eleanor PATTERSON,0,0,1
Eleftherios PETROUNIAS,0,0,1
Elena LILIK,0,1,0
Elena RUIZ BARRIL,1,0,0
Elia VIVIANI,0,1,0
Eliesse BEN SEGHIR,0,0,1
Eliezer ADJIBI,1,0,0
Elijah WINNINGTON,0,1,1
Elinor BARKER,0,1,1
Elisa IORIO,0,1,0
Elisa MEVIUS,1,0,0
Elisa SENSS,0,0,1
Ella RAMSAY,0,1,0
Elle ARMIT,0,1,0
Ellesse ANDREWS,2,1,0
Elodie CLOUVEL,0,1,0
Emil JAKOBSEN,1,0,0
Emil NIELSEN,1,0,0
Emily CAMPBELL,0,0,1
Emily CRAIG,1,0,0
Emily EHRLICH,1,0,0
Emily FORD,0,0,1
Emily FOX,1,0,0
Emily SAMS,1,0,0
Emily SHEARMAN,0,1,0
Emily SONNETT,1,0,0
Emma Aastrand JORGENSEN,0,0,1
Emma FINUCANE,1,0,2
Emma FRIIS,0,0,1
Emma HINZE,0,0,1
Emma McKEON,1,1,1
Emma TWIGG,0,1,0
Emma WEBER,1,0,0
Emma WEYANT,0,0,1
Emma WILSON,0,0,1
Emmanouil KARALIS,0,0,1
Emmanuel WANYONYI,1,0,0
EMURA Misaki,0,0,1
Enmanuel REYES PLA,0,0,1
ENSING,0,0,1
Enzo LEFORT,0,0,1
Enzo MILLOT,0,1,0
Eric GARCIA,1,0,0
Erica DAWSON,0,0,1
Erika CONNOLLY,0,1,0
Erin GEMMELL,0,1,0
Erislandy ALVAREZ BORGES,1,0,0
Esme BOOTH,0,1,0
Esra YILDIZ KAHRAMAN,0,0,1
Estelle NZE MINKO,0,1,0
Esther HENSELEIT,0,1,0
Eszter MUHARI,0,0,1
Ethan HAYTER,0,1,0
Ethan KATZBERG,1,0,0
Ethan VERNON,0,1,0
Eugene OMALLA,1,0,0
Eugenia BOSCO,0,1,0
Eugenia TRINCHINETTI,0,0,1
Evaldas DZIAUGYS,0,0,1
Evan FOURNIER,0,1,0
Evan OLSON,0,0,1
Eve STEWART,0,0,1
Eveline SAALBERG,0,1,0
Evy LEIBFARTH,0,0,1
Ezi MAGBEGOR,0,0,1
Fabian BARANSKI,0,0,1
Fabio van den BOSSCHE,0,0,1
FAHR,1,0,0
Faith CHEROTICH,0,0,1
Faith KIPYEGON,1,1,0
FAN Yunxia,0,1,0
FAN Zhendong,2,0,0
Fancy BERMUDEZ,0,1,0
Fares FERJANI,0,1,0
FAURE,1,0,0
Federico Nilo MALDINI,0,1,0
Felice ALBERS,1,0,0
Felicitas RAUCH,0,0,1
Felix AUGER-ALIASSIME,0,0,1
Felix LEBRUN,0,0,2
Femke BOL,1,0,1
FENG Bin,0,1,0
FENG Yu,1,0,0
FENG Ziqi,0,0,1
Fermin LOPEZ,1,0,0
Filip PETRUSEV,0,0,1
Filipe SAUTURAGA,0,1,0
Filippo GANNA,0,1,1
Filippo MACCHI,0,2,0
Finn BUTCHER,1,0,0
Finn FLORIJN,1,0,0
Fintan Mc CARTHY,1,0,0
Firas KATOUSSI,1,0,0
Flavia SARAIVA,0,0,1
Florence SYMONDS,0,1,0
Florent MANAUDOU,0,0,2
Florian TRITTEL PAUL,1,0,0
Florian UNRUH,0,1,0
Floris MIDDENDORP,1,0,0
Floris WORTELBOER,1,0,0
Flynn SOUTHAM,0,1,1
FORNAL,0,1,0
Francesca PALUMBO,0,1,0
Francesco LAMON,0,0,1
Francisca CROVETTO CHADID,1,0,0
Francisco GARRIGOS,0,0,1
Franck SEGUELA,0,1,0
Frank NTILIKINA,0,1,0
Fred KERLEY,0,0,1
Freddie DAVIDSON,0,0,1
Frederic WANDRES,1,0,0
Frederick RICHARD,0,0,1
Frederique MATLA,1,0,0
Freeke MOES,1,0,0
FUJINAMI Akari,1,0,0
FUKUSHIMA Shihomi,0,0,1
FUMITA Kenichiro,1,0,0
FUNAKUBO Haruka,0,1,1
Gabby WILLIAMS,0,1,0
GABI,0,0,1
GABI NUNES,0,1,0
GABI PORTILHO,0,1,0
Gabriel Alejandro ROSILLO KINDELAN,0,0,1
Gabriel MEDINA,0,0,1
Gabriel SOARES,0,1,0
Gabriela DABROWSKI,0,0,1
Gabriele CASADEI,0,1,0
Gabriele ROSSETTI,1,0,0
Gabriella PALM,0,1,0
Gabriella WILLEMS,0,0,1
Gabrielle THOMAS,2,0,0
Gashim MAGOMEDOV,0,1,0
GE Chutong,0,0,1
Genevieve LONGMAN,0,1,0
Geno PETRIASHVILI,1,0,0
Georgia BELL,0,0,1
Georgia TAYLOR-BROWN,0,0,1
Georgina BRAYSHAW,1,0,0
Gergely SIKLOSI,1,0,0
Gert-Jan van DOORN,0,1,0
Giacomo GENTILI,0,1,0
Gianina Elena van GRONINGEN,0,1,0
Gina LUECKENKEMPER,0,0,1
Ginevra TADDEUCCI,0,0,1
Gintautas MATULIS,0,0,1
Giorgi MESHVILDISHVILI,0,0,1
Giorgia VILLA,0,1,0
Giorgio MALAN,0,0,1
Giovanni de GENNARO,1,0,0
GIOVANNINI,1,0,0
Gireg le COZ,0,1,0
Giulia GWINN,0,0,1
Giulia RIZZI,1,0,0
Givi MATCHARASHVILI,0,1,0
Glenda MOREJON,0,1,0
Gonzalo PEILLAT,0,1,0
Gonzalo PEREZ de VARGAS,0,0,1
Gor MINASYAN,0,0,1
Grace BROWN,1,0,0
Grace Jacob BULLEN,0,0,1
Grace ZAADI DEUNA,0,1,0
Gracia ALONSO,0,1,0
Grae MORRIS,0,1,0
Grant FISHER,0,0,2
Grant HOLLOWAY,1,0,0
GREBENNIKOV,1,0,0
Gregoria Mariska TUNJUNG,0,0,1
Gregorio PALTRINIERI,0,1,1
Gretchen WALSH,2,2,0
GU Bingfeng,0,1,0
GU Bongil,1,0,0
Guerschon YABUSELE,0,1,0
Guilherme SCHIMIDT,0,0,1
Guillaume BIANCHI,0,1,0
Guillaume RESTES,0,1,0
Gulomjon ABDULLAEV,0,0,1
GUO Qing,0,1,0
GUO Qiqi,1,0,0
Gurjant SINGH,0,0,1
Gusman KYRGYZBAYEV,0,0,1
Hailey van LITH,0,0,1
Haley BATTEN,0,1,0
Hamish KERR,1,0,0
Hamish TURNBULL,0,1,0
Hampton MORRIS,0,0,1
HAN Juyeo,0,0,1
HANCOCK,0,1,0
Hannah KELLY,0,0,2
Hannah SCOTT,1,0,0
Hannes DAUBE,0,0,1
Hannes MUELLER,0,1,0
Hans HENKEN,0,0,1
Hans LINDBERG,1,0,0
HAO Ting,1,0,0
Hardik SINGH,0,0,1
Harmanpreet SINGH,0,0,1
Harrie LAVREYSEN,3,0,0
Harriet TAYLOR,0,0,1
Harry BRIGHTMORE,1,0,0
Harry CHARLES,1,0,0
Harry HEPWORTH,0,0,1
Hasanboy DUSMATOV,1,0,0
HASHIMOTO Daiki,1,0,0
HASHIMOTO Soichi,0,1,1
Hasrat JAFAROV,0,0,1
Hassan YAZDANICHARATI,0,1,0
Hatadou SAKO,0,1,0
Hatice AKBAS,0,1,0
HAUGHEY Siobhan Bernadette,0,0,2
Hayden WILDE,0,1,0
Haytam MANAOUT,0,0,1
HE Bing Jiao,0,1,0
HE Jiangxin,0,1,0
Heidi LONG,0,0,1
Helen GLOVER,0,1,0
Helen Louise MAROULIS,0,0,1
Helena ELVER,0,0,1
Hellen OBIRI,0,0,1
Henny REISTAD,1,0,0
Henrik MOELLGAARD,1,0,0
Henry FIELDMAN,0,0,1
Henry HOLLINGSWORTH,0,0,1
Hermijntje DRENTH,1,0,0
Hetty van de WOUW,0,1,0
Hezly RIVERA,1,0,0
Hidayat HEYDAROV,1,0,0
HIGASHINO Arisa,0,0,1
HIGUCHI Rei,1,0,0
Hina HAYATA,0,1,1
HIRAKI Cocona,0,1,0
Holly DUNFORD,0,0,1
HOLT,0,0,1
HONG Kexin,0,0,1
HORIGOME Yuto,1,0,0
HOU Zhihui,1,0,0
HUANG Ya Qiong,1,0,0
HUANG Yuting,1,1,0
HUANG Zhangjiayang,1,0,0
HUBER,0,1,0
Hubert KOS,1,0,0
HUH Mimi,0,1,1
Hunter ARMSTRONG,1,1,0
Ian BARROWS,0,0,1
Ian TARRAFETA,0,0,1
Iga SWIATEK,0,0,1
IIMURA Kazuki,1,0,0
Ilia SULAMANIDZE,0,1,0
Iliana RUPERT,0,1,0
Ilias AKHOMACH,0,0,1
Illia KOVTUN,0,1,0
Ilona MAHER,0,0,1
Ilya KHARUN,0,0,2
IM Aeji,0,0,1
Imane KHELIF,1,0,0
Imani LANSIQUOT,0,1,0
Imanol GARCIANDIA,0,0,1
Imogen GRANT,1,0,0
Impi VISSER,0,0,1
Inbar LANIR,0,1,0
Ioana VRINCEANU,1,1,0
Iona ANDERSON,0,1,1
Ionela Livia COZMIUC,0,1,0
Iosefo BALEIWAIRIKI,0,1,0
Iowane TEBA,0,1,0
Iris TIO CASAS,0,0,1
Iris WOLVES,0,0,1
Iryna GERASHCHENKO,0,0,1
Iryna KOLIADENKO,0,1,0
Isaac McHARDIE,0,1,0
Isabel GOSE,0,0,1
Isabel PIRALKOVA COELLO,1,0,0
Isabell WERTH,1,1,0
Isabella WHITTAKER,0,1,0
Isabelle THORPE,0,1,0
Isaia CORDINIER,0,1,0
Isaquias QUEIROZ,0,1,0
Isaya KLEIN IKKINK,1,0,0
Isayah BOERS,1,0,0
Islam DUDAEV,0,0,1
Islam SATPAYEV,0,0,1
Isobel BORLASE,0,0,1
Iuri LEITAO,1,1,0
Ivan LITVINOVICH,1,0,0
Jack ALEXY,1,1,0
Jack CARLIN,0,1,1
Jack CARTWRIGHT,0,1,0
Jack LAUGHER,0,0,1
Jack McMILLAN,1,0,0
Jack ROBINSON,0,1,0
Jackie GOWLER,0,0,1
Jackie YOUNG,1,0,0
Jacklyn LUU,0,1,0
Jackson COLLINS,0,1,0
Jacob DAWSON,1,0,0
Jacob SCHOPF,2,0,0
Jacob van de KERKHOF,0,1,0
Jacqueline DUBROVICH,1,0,0
Jade BARBOSA,0,0,1
Jade CAREY,1,0,1
Jade MELBOURNE,0,0,1
Jaedyn SHAW,1,0,0
JAESCHKE,0,0,1
Jagger EATON,0,1,0
Jaime CZARKOWSKI,0,1,0
Jake JARMAN,0,0,1
Jakob INGEBRIGTSEN,1,0,0
Jakob SCHUBERT,0,0,1
Jakub JURKA,0,0,1
James GUY,1,0,0
James MORIARTY,1,0,0
James RUDKIN,1,0,0
Jamie PERKINS,1,0,0
Jan DRIESSEN,1,0,0
Jan van der BIJ,0,1,0
Janelle SALAUN,0,1,0
Janina MINGE,0,0,1
Janja GARNBRET,1,0,0
Janjaem SUWANNAPHENG,0,0,1
Jannik KOHLBACHER,0,1,0
JANUSZ,0,1,0
Jarmanpreet SINGH,0,0,1
Jasmine CAMACHO-QUINN,0,0,1
Jasmine MOORE,0,0,2
Jasmine PAOLINI,1,0,0
Javier IBANEZ DIAZ,0,0,1
Javier RODRIGUEZ,0,0,1
Jayson TATUM,1,0,0
Jazmin FELIX-HOTHAM,1,0,0
Jean-Charles VALLADONT,0,1,0
Jean-Paul DANNEBERG,0,1,0
Jean-Philippe MATETA,0,1,0
Jean-Philippe PATRICE,0,0,1
Jean Pascal BARRAQUE,1,0,0
Jean Pierre BROL CARDENAS,0,0,1
Jean van der WESTHUYZEN,0,0,1
Jefferson-Lee JOSEPH,1,0,0
Jeffrey HOOGLAND,1,0,0
Jemima MONTAG,0,0,2
JENDRYK,0,0,1
Jenna NIGHSWONGER,1,0,0
Jenna STRAUCH,0,1,0
Jennifer VALENTE,2,0,0
Jenny RISSVEDS,0,0,1
JEON Eunhye,0,1,0
JEON Hayoung,0,1,0
JEON Hunyoung,1,0,0
JEON Jihee,0,0,1
JEONG Na Eun,0,1,0
Jeremaia MATANA,0,1,0
Jeremiah AZU,0,0,1
Jerko MARINIC KRAGIC,0,1,0
Jerome BLAKE,1,0,0
Jerry TUWAI,0,1,0
Jess MORRISON,0,0,1
Jessica FOX,2,0,0
Jessica HULL,0,1,0
Jessica PILZ,0,0,1
Jessica ROBERTS,0,0,1
Jessica SEVICK,0,1,0
Jessica von BREDOW-WERNDL,2,0,0
Jewell LOYD,1,0,0
JHENIFFER,0,1,0
JI Bowen,1,0,0
JIA Yi Fan,1,0,0
JIANG Yiting,0,0,1
Jip JANSSEN,1,0,0
Jiri BERAN,0,0,1
Jo-Ane van DYK,0,1,0
JO Jin Mi,0,1,0
Joan-Benjamin GABA,1,1,0
Joan Antoni MORENO,0,0,1
Joan GARCIA,1,0,0
Jodie WILLIAMS,0,0,2
Joe KOVACS,0,1,0
Joel EMBIID,1,0,0
Joep de MOL,1,0,0
Johann LEPENANT,0,1,0
Johanne DEFAY,0,0,1
Johannes GOLLA,0,1,0
Johannes GROSSE,0,1,0
John PEERS,1,0,0
Johnny HOOPER,0,0,1
Joji NASOVA,0,1,0
Jon PACHECO,1,0,0
Jonas de GEUS,1,0,0
Jonatan HELLVIG,1,0,0
Jonathan MILAN,0,0,1
Joosje BURG,1,0,0
Jordan Alejandro DIAZ FORTUN,1,0,0
Jordan CHILES,1,0,0
Jordan SEPHO,1,0,0
Jorge MAQUEDA,0,0,1
Joris CHOTARD,0,1,0
Joris DAUDET,1,0,0
Jorja MILLER,1,0,0
Jorrit Jan Willem CROON,1,0,0
Jose TORRES GIL,1,0,0
Josef DOSTAL,1,0,0
Joseph CLARKE,0,1,0
Joseph STOCKDALE,1,0,0
Joseph TRUMAN,0,1,0
Joseva TALACOLO,0,1,0
Josh KERR,0,1,0
Josh LIENDO,0,1,0
Joshua CHEPTEGEI,0,0,1
Joshua YONG,0,0,1
Josie KNIGHT,0,0,1
Josip VRLIC,0,1,0
JOUFFROY,1,0,0
Jrue HOLIDAY,1,0,0
Juan Manuel CELAYA HERNANDEZ,0,1,0
Juan MIRANDA,1,0,0
Juana CAMILION,0,1,0
Juana CASTELLARO MORELLO,0,0,1
Juanlu SANCHEZ,1,0,0
Judith FORCA ARIZA,1,0,0
Jule BRAND,0,0,1
Jule Marie HAKE,0,1,1
Jules RAMBAUT,0,1,0
Julia SOARES,0,0,1
Julia SZEREMETA,0,1,0
Julian KOESTER,0,1,0
Julie DERRON,0,1,0
Julien ALFRED,1,1,0
Julien EPAILLARD,0,0,1
Julien MERTINE,0,0,1
Julieta JANKUNAS,0,0,1
JUNG Yerin,0,0,1
Juri KNORR,0,1,0
Justen BLOK,1,0,0
Justin BEST,1,0,0
Justus FISCHER,0,1,0
Justus WEIGAND,0,1,0
KACZMAREK,0,1,0
KAGAMI Yuka,1,0,0
Kahleah COPPER,1,0,0
Kai HAEFNER,0,1,0
Kai TAYLOR,0,1,1
Kaminieli RASAKU,0,1,0
KANO Koki,1,1,0
Kari BRATTSET DALE,1,0,0
Karim Florent LAGHOUAG,0,1,0
Karl COOK,0,1,0
Karlos May NASAR,1,0,0
Karolien FLORIJN,1,0,0
Karsten WARHOLM,0,1,0
Kasia GRUCHALLA-WESIERSKI,0,1,0
Kassidy COOK,0,1,0
Katarina JOHNSON-THOMPSON,0,1,0
Kate DOUGLASS,2,2,0
Kate SHORTMAN,0,1,0
Katerina SINIAKOVA,1,0,0
Katharine BERKOFF,1,0,1
Kathrin HENDRICH,0,0,1
Kathrine HEINDAHL,0,0,1
Katie GRIMES,0,1,0
Katie LEDECKY,2,1,1
Katie MOON,0,1,0
Katie VINCENT,1,0,1
Katrine LUNDE,1,0,0
Katy MARCHANT,1,0,0
Kauldi ODRIOZOLA,0,0,1
Kauli VAAST,1,0,0
KAYA Kazuma,1,0,0
Kayla CANETT,0,0,1
Kaylee McKEOWN,2,1,2
Kaylia NEMOUR,1,0,0
Kaylyn BROWN,1,1,0
Keana HUNTER,0,1,0
Keegan PALMER,1,0,0
Keely HODGKINSON,1,0,0
Keesja GOFERS,0,1,0
Kell O'BRIEN,1,0,0
Kellie HARRINGTON,1,0,0
Kelsey PLUM,1,0,0
Kendall ELLIS,1,0,0
Kennedy Alexis BLADES,0,1,0
Kenneth BEDNAREK,0,1,0
Kenneth ROOKS,0,1,0
Kent FARRINGTON,0,1,0
KEROLIN,0,1,0
Kerri WILLIAMS,0,0,1
Ketleyn QUADROS,0,0,1
KEUM Jihyeon,0,1,0
Kevin DURANT,1,0,0
Kevin STAUT,0,0,1
Keyara WARDLEY,0,1,0
Kieran BIRD,1,0,0
Kieran Darren David REILLY,0,1,0
Kieran SMITH,0,1,0
KIKUCHI Komaki,0,0,1
Kiliann SILDILLIA,0,1,0
KIM Hayun,0,0,2
KIM Je Deok,1,0,0
KIM Jisu,0,0,1
KIM Kum Yong,0,1,0
KIM Mi Rae,0,1,1
KIM Minjong,0,1,1
KIM Won Ho,0,1,0
KIM Won Jin,0,0,1
KIM Woojin,3,0,0
KIM Woomin,0,0,1
KIM Yeji,0,1,0
KIM Yujin,1,0,0
Kimberley WOODS,0,0,2
Kishane THOMPSON,0,1,0
KITAGUCHI Haruka,1,0,0
KITAJIMA Ryuzo,0,0,1
Kittylynn JOUSTRA,0,0,1
KIYOOKA Kotaro,1,0,0
Klara BUEHL,0,0,1
Klaudia ZWOLINSKA,0,1,0
KOCHANOWSKI,0,1,0
Koen BIJEN,1,0,0
Koen METSEMAKERS,1,0,0
KOMATA Akira,0,1,0
KONG Man Wai Vivian,1,0,0
KONG Yaqi,0,0,1
Konstantin KHARKOV,0,1,0
Korbin ALBERT,1,0,0
Krissy SCURFIELD,0,1,0
Kristen FAULKNER,2,0,0
Kristen KIT,0,1,0
Kristi KIRSHE,0,0,1
Kristian KARLSSON,0,1,0
Kristina JOERGENSEN,0,0,1
Kristina TEACHOUT,0,0,1
Kristina WALKER,0,1,0
Kristine BREISTOEL,1,0,0
Kristof MILAK,1,1,0
Kristof RASOVSZKY,1,0,0
Kristy WALLACE,0,0,1
Krisztian RABB,0,1,0
Kunlavut VITIDSARN,0,1,0
KUO Hsing-Chun,0,0,1
KUREK,0,1,0
KUSAKA Nao,1,0,0
Kyle CHALMERS,0,2,1
Kyle Douglas DAKE,0,0,1
Kylie MASSE,0,0,1
Laila YOUSSIFOU,0,1,0
Lalit Kumar UPADHYAY,0,0,1
Lani PALLISTER,1,0,0
Lara CASAS,0,0,1
Lara VADLAU,1,0,0
Larissa PIMENTA,0,0,2
Lars BALK,1,0,0
LARSON,0,1,0
Lasha BEKAURI,1,0,0
Lasha GURULI,0,0,1
Lasha TALAKHADZE,1,0,0
Lasse ANDERSSON,1,0,0
Lasse LUEHRS,1,0,0
Laura AARTS,0,0,1
Laura COLLETT,1,0,1
Laura ESTER RAMOS,1,0,0
Laura FAZLIU,0,0,1
Laura FLIPPES,0,1,0
Laura FREIGANG,0,0,1
Laura GLAUSER,0,1,0
Laura KRAUT,0,1,0
Laura LINDEMANN,1,0,0
Laura NUNNINK,1,0,0
Laura PARIS,0,0,1
LAUREN,0,1,0
Lauren DOYLE,0,0,1
Lauren HENRY,1,0,0
Lauren IRWIN,0,0,1
Lauren JACKSON,0,0,1
Lauren SCRUGGS,1,1,0
Lauriane NOLOT,0,1,0
Laviai NIELSEN,0,0,2
Lazizbek MULLOJONOV,1,0,0
LE GOFF,1,0,0
Lea FRIEDRICH,0,1,1
Lea SCHUELLER,0,0,1
LeBron JAMES,1,0,0
Lee Bhekempilo EPPIE,0,1,0
LEE Dabin,0,0,1
LEE Eunhye,0,0,1
LEE Hyekyeong,0,0,1
LEE Joonhwan,0,0,2
Lee KIEFER,2,0,0
LEE Meng Yuan,0,0,1
LEE Wooseok,1,0,1
LEE Yang,1,0,0
Leigh HOFFMAN,0,0,1
Leila LACAN,0,1,0
Lena GRANDVEAU,0,1,0
Lena STOJKOVIC,0,0,1
Lennart van LIEROP,1,0,0
Leo BERGERE,0,0,1
Leo NEUGEBAUER,0,1,0
LEON,0,1,0
Leon MARCHAND,4,0,1
Leonardo DEPLANO,0,0,1
Leonardo GONCALVES,0,0,1
Leonie MENZEL,0,0,1
Letsile TEBOGO,1,1,0
Leungo SCOTCH,0,1,0
Lewis DAVEY,0,0,1
Lewis RICHARDSON,0,0,1
LI Bingjie,0,0,1
LI Fabin,1,0,0
LI Hong,0,1,0
LI Jiaman,0,1,0
LI Qian,1,0,0
LI Wenwen,1,0,0
LI Yuehong,1,0,0
Liam CORRIGAN,1,0,0
LIAN Junjie,1,0,0
LIANG Wei Keng,0,1,0
LIANG Yushuai,0,0,1
Lieke KLAVER,1,1,0
Lieke ROGGE,0,0,1
Lilly KING,1,0,0
Lilou LLUIS VALETTE,0,0,1
Lily WILLIAMS,1,0,0
LIM Jonghoon,0,0,1
LIM Sihyeon,3,0,0
LIN Xiyu Janet,0,0,1
LIN Yu Ting,1,0,0
Lina NIELSEN,0,0,1
Lindon VICTOR,0,0,1
Lindsey HORAN,1,0,0
Line Flem HOEST,0,0,1
Line HAUGSTED,0,0,1
Lisa BARBELIN,0,0,1
Lisa CARRINGTON,3,0,0
Lisa MAYER,0,0,1
Lisa POST,1,0,0
Lisa TERTSCH,1,0,0
Lisa van BELLE,0,0,1
Lisanne de WITTE,0,1,0
LIU Hao,1,0,0
LIU Huanhua,1,0,0
LIU Sheng Shu,0,1,0
LIU Yang,1,1,0
LIU Yaxin,0,0,1
LIU Yukun,1,0,0
Liudmyla LUZAN,0,1,0
Logan ULLRICH,0,1,0
Loic BADE,0,1,0
Lois TOULSON,0,0,1
Lola ANDERSON,1,0,0
Lola MOOLHUIJZEN,0,0,1
LOMACZ,0,1,0
LONG Daoyi,1,0,0
Loren Berto ALFONSO DOMINGUEZ,0,1,0
Loren FATOVIC,0,1,0
LORENA,0,1,0
LORENNE,0,0,1
Lorenzo MUSETTI,0,0,1
Lorenzo ZAZZERI,0,0,1
Lorrane OLIVEIRA,0,0,1
Lotte KOPECKY,0,0,1
LOUATI,1,0,0
Louie HINCHLIFFE,0,0,1
Louise VINTER BURGAARD,0,0,1
Lovisa KARLSSON,0,0,1
Lowri THOMAS,1,0,0
LUBIAN,1,0,0
Luca CHIUMENTO,0,1,0
Luca CUPIDO,0,0,1
Luca RAMBALDI,0,1,0
Luca WITZKE,0,1,0
Lucas DUSSOULIER,0,1,0
Lucia Yamileth YEPEZ GUZMAN,0,1,0
LUCIANA,0,1,0
Lucie GRANIER,0,1,0
Lucy SPOORS,1,0,0
LUDMILA,0,1,0
Luigi SAMELE,0,0,1
Luis Alberto ORTA SANCHEZ,0,0,1
Luka BUKIC,0,1,0
Luka LONCAR,0,1,0
Luka MKHEIDZE,1,1,0
Lukas JOERGENSEN,1,0,0
Lukas MAEHR,1,0,0
Lukas MAERTENS,1,0,0
Lukas MERTENS,0,1,0
Lukas WINDFEDER,0,1,0
Luke HOBSON,0,1,1
Luna Noa FOKKE,1,0,0
LUO Shifang,1,0,0
Luuc van OPZEELAND,0,0,1
Lydia KO,1,0,0
Lynn WILLIAMS,1,0,0
LYU Jianlin,0,0,1
MA'A,0,0,1
MA Long,1,0,0
MA Ning,0,1,0
MA Zhenzhao,0,0,1
Maartje KEUNING,0,0,1
MACRIS,0,0,1
Maddison-Lee WESCHE,0,1,0
Maddison KEENEY,0,1,0
Madeleine MALONGA,1,0,0
Maghnes AKLIOUCHE,0,1,0
Magnus Landin JACOBSEN,1,0,0
Magnus SAUGSTRUP,1,0,0
Magomed Eldarovitch RAMAZANOV,1,0,0
Magomedkhan MAGOMEDOV,0,0,1
Mahina PAUL,1,0,0
Maia Mei WEINTRAUB,1,0,0
Maica GARCIA GODOY,1,0,0
Maike van der DUIN,0,0,1
Maikel van der VLEUTEN,0,0,1
Malaika MIHAMBO,0,1,0
Malkhas AMOYAN,0,0,1
Mallory SWANSON,1,0,0
Malte HELLWIG,0,1,0
Manaia NUKU,1,0,0
Mandeep SINGH,0,0,1
Manila ESPOSITO,0,1,1
Manlio MORO,0,0,1
Manon APITHY-BRUNET,1,0,0
Manon VEENSTRA,0,1,0
Manpreet SINGH,0,0,1
Manu BHAKER,0,0,2
Manu KONE,0,1,0
Manuel FRIGO,0,0,1
Mara NAVARRIA,1,0,0
Marc PUBILL,1,0,0
Marco Alonso VERDE ALVAREZ,0,1,0
Marco AROP,0,1,0
Marco MILTKAU,0,1,0
Marcus COOPER,0,0,1
Maren AARDAHL,1,0,0
Maren VOELZ,0,0,1
Mari Leivis SANCHEZ,0,1,0
Maria CAMPOY,0,0,1
Maria GRANATTO,0,0,1
Maria LEHACI,1,0,0
Maria Magdalena RUSU,1,0,0
Maria PEREZ,1,1,0
Maria VERSCHOOR,1,0,0
Marian Florian ENACHE,1,0,0
Marianna TOLO,0,0,1
Marianne VOS,0,1,0
Marie-Florence CANDASSAMY,0,1,0
Marie Eve GAHIE,1,0,0
Marie REICHERT,1,0,0
Marieme BADIANE,0,1,0
Marijn VEEN,1,0,0
Marileidy PAULINO,1,0,0
Marina GARCIA POLO,0,0,1
Marina HEGERING,0,0,1
Marine FAUTHOUX,0,1,0
Marine JOHANNES,0,1,0
Marit BOUWMEESTER,1,0,0
Marit JACOBSEN,1,0,0
Mark STEWART,0,1,0
Marko BIJAC,0,1,0
Marko GRGIC,0,1,0
Marko GUDURIC,0,0,1
Marko VAVIC,0,0,1
Marko ZUVELA,0,1,0
Markus ROOTH,1,0,0
Marleen JOCHEMS,1,0,0
Marloes OLDENBURG,1,0,0
Maro JOKOVIC,0,1,0
MARTA,0,1,0
Marta MAGGETTI,1,0,0
Martin FUKSA,1,0,0
Martin RUBES,0,0,1
Martin SINKOVIC,1,0,0
Martin ZWICKER,0,1,0
Martina CENTOFANTI,0,0,1
Martina FAVARETTO,0,1,0
Martina TERRE,1,0,0
Martyna SWATOWSKA-WENGLARCZYK,0,0,1
Mary MORAA,0,0,1
Masai RUSSELL,1,0,0
Mate Tamas KOCH,1,0,0
Matej BENUS,0,0,1
Mateo MAJDALANI,0,1,0
Mateusz BISKUP,0,0,1
Mathias GIDSEL,1,0,0
Mathias LESSORT,0,1,0
Mathias MUELLER,0,1,0
Mathilda HODGKINS BYRNE,0,0,1
Matias BILJAKA,0,1,0
Mats GRAMBUSCH,0,1,0
MATSUSHITA Tomoyuki,0,1,0
MATSUYAMA Hideki,0,0,1
MATSUYAMA Kyosuke,1,0,0
MATSUYAMA Nami,0,0,1
Matt ALDRIDGE,0,0,1
Matt KING,1,0,0
Matt MACDONALD,0,1,0
Matt WEARN,1,0,0
Matthew DENNY,0,0,1
Matthew EBDEN,1,0,0
Matthew GLAETZER,0,0,2
Matthew HUDSON-SMITH,0,1,1
Matthew RICHARDS,1,1,0
Matthew RICHARDSON,0,2,1
Matthew STRAZEL,0,1,0
Matthew TEMPLE,0,0,1
Mattia FURLANI,0,0,1
Maude CHARRON,0,1,0
Max IRVING,0,0,1
Max LEMKE,2,0,0
Max RENDSCHMIDT,1,0,0
Maxime-Gael NGAYAP HAMBOU,1,0,1
Maxime GROUSSET,0,0,1
Maxime PAUTY,0,0,1
Maxime PIANFETTI,0,0,1
Maximilian MAEDER,0,0,1
Maximilien CHASTANET,0,0,1
Maximillian GIULIANI,0,0,1
Maya MESCHKULEIT,0,1,0
McLain WARD,0,1,0
Meerim ZHUMANAZAROVA,0,1,0
Meg HARRIS,1,2,0
Megan BARKER,0,0,1
Megumi FIELD,0,1,0
Mehdi BOUKAMIR,0,0,1
Mehdi MAOUHOUB,0,0,1
Mehran BARKHORDARI,0,1,0
Meline NOCANDY,0,1,0
Melissa HUMANA-PAREDES,0,1,0
Melissa JEFFERSON,1,0,1
Melvin TWELLAAR,0,1,0
MENG Lingzhe,0,0,1
Meritxell MAS PUJADAS,0,0,1
Merle FROHMS,0,0,1
Mete GAZOZ,0,0,1
Mette TRANBORG,0,0,1
Micah WILKINSON,0,0,1
Michael GRADY,1,0,0
Michael JUNG,1,0,0
Michael MOERKOEV,0,0,1
Michael NORMAN,1,0,0
Michael OLISE,0,1,0
Michaela BLYDE,1,0,0
Michaela POLLERES,0,0,1
Michal CUPR,0,0,1
Michala MOELLER,0,0,1
Michelle GULYAS,1,0,0
Michelle KROPPEN,0,1,0
Mick MAKKER,0,1,0
Mie HOEJLUND,0,0,1
Miguel GUTIERREZ,1,0,0
Miguel SANCHEZ-MIGALLON,0,0,1
Mihaela Valentina CAMBEI,0,1,0
Mijain LOPEZ NUNEZ,1,0,0
Mikkel HANSEN,1,0,0
Milaimy de la Carid. MARIN POTRILLE,0,0,1
Milos CUK,1,0,0
Miltiadis TENTOGLOU,1,0,0
MINOBE Kazuyasu,0,1,0
Miran MARICIC,0,0,1
Miriam BUTKEREIT,0,1,0
Miroslaw ZIETARSKI,0,0,1
Mirra ANDREEVA,0,1,0
Miu HIRANO,0,1,0
Miwa HARIMOTO,0,1,0
MIYAWAKI Karin,0,0,1
Mobina NEMATZADEH,0,0,1
Moesha JOHNSON,0,1,0
Mohamed ELSAYED,0,0,1
Mohamed Khalil JENDOUBI,0,0,1
Mohammadhadi SARAVI,1,0,0
Mollie O'CALLAGHAN,3,1,1
Mona Mc SHARRY,0,0,1
Morgan BOLDING,1,0,0
Morgan PEARSON,0,1,0
Moritz LUDWIG,0,1,0
MOTOKI Sakura,1,0,0
MUAGUTUTIA,0,0,1
Munarbek SEIITBEK UULU,0,1,0
Munir EL KAJOUI,0,0,1
MURAO Sanshiro,0,2,0
Mutaz Essa BARSHIM,0,0,1
Muzaffarbek TUROBOYEV,0,0,1
Muzala SAMUKONGA,0,0,1
Mykhaylo KOKHAN,0,0,1
Mykolas ALEKNA,0,1,0
Myrte van der SCHOOT,0,1,0
Nadia BATTOCLETTI,0,0,1
Nadja Aaboe SLOTH,0,1,0
Nafia KUS AYDIN,0,0,1
Nafissatou THIAM,1,0,0
NAGANO Yudai,1,0,0
NAGASE Takanori,1,1,0
NAGAYAMA Ryuju,0,1,1
Nahid KIYANICHANDEH,0,1,0
NAM Suhyeon,1,1,0
Nando de COLO,0,1,0
Nanna SKODBORG MERRALD,0,1,0
Naomi GIRMA,1,0,0
Napheesa COLLIER,1,0,0
Nariman KURBANOV,0,1,0
Natalia KACZMAREK,0,0,1
Natalya DIEHM,0,0,1
Nathan HALES,1,0,0
Nathan ZSOMBOR-MURRAY,0,0,1
NATINHA,0,0,1
Naya TAPPER,0,0,1
Nazym KYZAIBAY,0,0,1
Neah EVANS,0,1,1
Neeraj CHOPRA,0,1,0
Neisi Patricia DAJOMES BARRERA,0,0,1
Nelson EPEE,1,0,0
Nelvie Raman TIAFACK,0,0,1
Nemanja UBOVIC,1,0,0
Nemanja VICO,1,0,0
Nesthy PETECIO,0,0,1
Nethaneel MITCHELL-BLAKE,0,0,1
Nevin HARRISON,0,1,0
NGAPETH,1,0,0
Nic FINK,1,2,0
Nick ITKIN,0,0,1
Nick MEAD,1,0,0
Nick RUSHER,0,0,1
NICKA,0,1,0
Niclas KIRKELOEKKE,1,0,0
Nicola OLYSLAGERS,0,1,0
Nicolas BATUM,0,1,0
Nicolas GESTIN,1,0,0
Nicolas TOUZAINT,0,1,0
Nicole ANYOMI,0,0,1
Nicole SHIELDS,0,1,0
Nicole YEARGIN,0,0,2
Nicolo MARTINENGHI,1,0,0
NIIZOE Saki,0,1,0
Niklas Landin JACOBSEN,1,0,0
Niklas LARSEN,0,0,1
Niklas WELLEN,0,1,0
Nikola DEDOVIC,1,0,0
Nikola JAKSIC,1,0,0
Nikola JOKIC,0,0,1
Nikola JOVIC,0,0,1
Nikola MILUTINOV,0,0,1
Nikola OGRODNIKOVA,0,0,1
Nils EHLERS,0,1,0
Nina BRUNNER,0,0,1
Nina KENNEDY,1,0,0
Nina TEN BROEK,0,0,1
Noah HAVARD,0,1,0
Noah HEGGE,0,0,1
Noah LYLES,1,0,1
Noah WILLIAMS,0,1,1
Noemi PUPP,0,0,2
Noemie FOX,1,0,0
Nona PEREZ VIVAS,1,0,0
Noor VIDTS,0,0,1
Noortje de BROUWER,0,0,1
Nora MOERK,1,0,0
Novak DJOKOVIC,1,0,0
Nurbek ORALBAY,0,1,0
NYEME,0,0,1
Nyjah HUSTON,0,0,1
Obed NKAMBADIO,0,1,0
Odile van AANHOLT,1,0,0
Ofir SHAHAM,0,1,0
OGBOGU,0,1,0
Ognjen DOBRIC,0,0,1
OH Sanguk,2,0,0
OH Ye Jin,1,0,0
OIWA Yoshiaki,0,0,1
OKA Shinnosuke,3,0,1
OKADA Keiju,0,1,0
Olav MOLENAAR,0,1,0
Oleksandr KHYZHNIAK,1,0,0
Olena KRAVATSKA,1,0,0
Olga KHARLAN,1,0,1
Oliver BLEDDYN,1,0,0
Oliver KLEMET,0,1,0
Oliver WILKES,0,0,1
Oliver WOOD,0,1,0
Oliver WYNNE-GRIFFITH,0,1,0
Oliver ZEIDLER,1,0,0
Olivia APPS,0,1,0
Olivia BRETT,1,0,0
Olivia CUMMINS,1,0,0
Olivia KING,0,1,0
Olivia REEVES,1,0,0
Olivia WUNSCH,1,0,0
Olivier PERREAU,0,0,1
Ollie MACLEAN,0,1,0
Omari JONES,0,0,1
OMORUYI,1,0,0
Onacia ONDONO,0,1,0
Orlane KANOR,0,1,0
ORRO,1,0,0
Osmar OLVERA IBARRA,0,1,1
OU Zixia,0,1,0
Oussama EL AZZOUZI,0,0,1
Oussama TARGHALLINE,0,0,1
OZAKI Nonoka,0,0,1
OZAKI Seri,0,0,1
Pablo BARRIOS,1,0,0
Paige MADDEN,0,1,1
PAN Zhanle,2,1,0
PANG Cholmi,0,0,1
PANG Qianyu,0,0,1
Panipak WONGPATTANAKIT,1,0,0
Paolo CONTE BONIN,0,0,1
Paolo MONNA,0,0,1
PARK Hajun,0,1,0
PARK Hyejeong,0,1,0
PARK Sangwon,1,0,0
PARK Taejoon,1,0,0
Parviz NASIBOV,0,1,0
Patricia SAMPAIO,0,0,1
PATRY,1,0,0
Pau CUBARSI,1,0,0
Pau ECHANIZ,0,0,1
Paul-Philipp KAUFMANN,0,1,0
Paul JUDA,0,0,1
Paul O DONOVAN,1,0,0
Paula CAMUS,1,0,0
Paula CRESPI BARRIGA,1,0,0
Paula LEITON ARRONES,1,0,0
Paula RAMIREZ IBANEZ,0,0,1
Pauletta FOPPA,0,1,0
Paulin RIVA,1,0,0
Paulina PASZEK,0,1,1
Pauline FERRAND PREVOT,1,0,0
Pauline GRABOSCH,0,0,1
Pauline JAGSCH,0,1,0
Pavlos KONTIDES,0,1,0
Pedro PICHARDO,0,1,0
Penny SMITH,0,0,1
Perris BENEGAS,0,1,0
Peruth CHEMUTAI,0,1,0
Petar JAKSIC,1,0,0
Peter CHATAIN,0,0,1
Peter PALTCHIK,0,0,1
Petros GKAIDATZIS,0,0,1
PHIL WIZARD,1,0,0
Philip DOYLE,0,0,1
Phoebe SPOORS,0,0,1
Pia GREITEN,0,0,1
Pien DICKE,1,0,0
Pien SANDERS,1,0,0
Pierre van der WESTHUYZEN,0,1,0
Pieter QUINTON,0,0,1
Pili PENA,1,0,0
Piper LOGAN,0,1,0
Pirmin BLAAK,1,0,0
PLUMMER,0,1,0
Ponipate LOGANIMASI,0,1,0
Portia WOODMAN-WICKLIFFE,1,0,0
POULTER,0,1,0
Prisca AWITI ALCARAZ,0,1,0
PRISCILA,0,1,0
QI Ying,0,1,0
QIN Haiyang,1,1,0
QIU Qiyuan,0,1,0
QUAN Hongchan,2,0,0
Quanera HAYES,1,0,0
Quewin NORTJE,0,0,1
Quincy HALL,2,0,0
Quincy WILSON,1,1,0
Rachid GHANIMI,0,0,1
Radomir DRASOVIC,1,0,0
Radoslav FILIPOVIC,1,0,0
Rafael ALBA,0,0,1
Rafael FENTE--DAMERS,0,0,1
Rafael MACEDO,0,0,1
Rafael SILVA,0,0,1
Rafaela SILVA,0,0,1
RAFAELLE,0,1,0
Rahman AMOUZADKHALILI,0,1,0
Rai BENJAMIN,1,0,0
Raisuqe JOSAIA,0,1,0
Raj Kumar PAL,0,0,1
Rajeev RAM,0,1,0
Rajindra CAMPBELL,0,0,1
Ralf RIENKS,0,1,0
Rasheed BROADBELL,0,0,1
Rasmus LAUGE,1,0,0
Rayan CHERKI,0,1,0
Rayan REBBADJ,1,0,0
Rayssa LEAL,0,0,1
Raz HERSHKO,0,1,0
Razambek Salambekovitch JAMALOV,1,0,0
Rebeca ANDRADE,1,2,1
Rebecca NETZLER,0,1,0
Rebecca PETCH,0,1,0
Rebecca SHORTEN,0,1,0
Rebecca WILDE,0,0,1
Rebekka HAASE,0,0,1
Regan SMITH,2,3,0
Remco EVENEPOEL,2,0,0
Renars USCINS,0,1,0
Renata KNAPIK-MIAZGA,0,0,1
Renee van LAARHOVEN,1,0,0
RETTKE,0,1,0
Rhydian COWLEY,0,0,1
Rhyne HOWARD,0,0,1
Rhys MC CLENAGHAN,1,0,0
RI Jong Sik,0,1,0
RI Se Ung,0,0,1
Richard KILTY,0,0,1
Rielly MILNE,0,0,1
Rikke IVERSEN,0,0,1
Riley FITZSIMMONS,0,1,0
Rino BURIC,0,1,0
Risi POURI-LANE,1,0,0
Rizki JUNIANSYAH,1,0,0
ROBERTA,0,0,1
Rocio SANCHEZ MOCCIA,0,0,1
Rodrigo CORRALES,0,0,1
Rodrigo GERMADE,0,0,1
Roje STONA,1,0,0
Romain MAHIEU,0,0,1
Roman MITYUKOV,0,0,1
Roman ROEOESLI,0,0,1
Romane BERNIES,0,1,0
Romane DICKO,1,0,1
Romi PARITZKI,0,1,0
Ronald BROWN,0,0,1
Ronald KWEMOI,0,1,0
Roos de JONG,0,1,0
Rory GIBBS,1,0,0
Rosalind CANTER,1,0,0
ROSAMARIA,0,0,1
Rose LAVELLE,1,0,0
Rosko SPECMAN,0,0,1
Rossella FIAMINGO,1,0,0
Rowan McKELLAR,0,0,1
Roxana ANGHEL,1,1,0
Roy van den BERG,1,0,0
Ruben KNAB,0,1,0
Ruby REMATI,0,1,0
Rudy GOBERT,0,1,0
Ruggero TITA,1,0,0
Rui OLIVEIRA,1,0,0
Rune DAHMKE,0,1,0
RUSSELL,0,0,1
Ryan CROUSER,1,0,0
Ryan HELD,1,0,0
Ryan MURPHY,1,1,1
Ryan OOSTHUIZEN,0,0,1
Ryder DODD,0,0,1
Rylan WIENS,0,0,1
Sabrina IONESCU,1,0,0
Sabrina van der SLOOT,0,0,1
Saeid ESMAEILI LEIVESI,1,0,0
Sagen MADDALENA,0,1,0
SAITO Tatsuru,0,1,0
SAKURAI Tsugumi,1,0,0
Salwa Eid NASER,0,1,0
Sam KENDRICKS,0,1,0
Sam REDGRAVE,0,1,0
Sam WATSON,0,0,1
Sam WELSFORD,1,0,0
Samantha COFFEY,1,0,0
Samantha DONNELLY,0,1,0
Sami WHITCOMB,0,0,1
Sammy SULLIVAN,0,0,1
Samu OMORODION,1,0,0
Samuel DICKINSON,0,0,1
Samuel REARDON,0,0,2
Sander de GRAAF,0,1,0
Sandor TOTKA,0,1,0
Sandra ELKASEVIC,0,0,1
Sandra TOFT,0,0,1
Sandra YGUERAVIDE,0,1,0
Sanjay SANJAY,0,0,1
Sanna SOLBERG-ISAKSEN,1,0,0
Sanne KOOLEN,1,0,0
Sara AHMED,0,1,0
Sara BALZER,0,1,0
Sara DOORSOUN,0,0,1
Sara ERRANI,1,0,0
Sara FOJT,0,0,2
Sara SALDANA LOPEZ,0,0,1
Sara SORRIBES TORMO,0,0,1
Sarabjot SINGH,0,0,1
Sarah AABERG IVERSEN,0,0,1
Sarah Ann HILDEBRANDT,1,0,0
Sarah BACON,0,1,0
Sarah BOUKTIT,0,1,0
Sarah BRUESSLER,0,1,0
Sarah BUIS,0,0,1
Sarah CHAARI,0,0,1
Sarah HIRINI,1,0,0
Sarah Leonie CYSIQUE,1,0,1
Sarah LEVY,0,0,1
Sarah MICHEL BOURY,0,1,0
Sarah SJOESTROEM,2,0,0
Sarah STEYAERT,0,0,1
Sarai LINDER,0,0,1
Sarunas VINGELIS,0,0,1
SATO Taishu,0,1,0
Saul CRAVIOTTO,0,0,1
Sava RANDELOVIC,1,0,0
Saya SAKAKIBARA,1,0,0
Scarlett MEW JENSEN,0,0,1
Scott BRASH,1,0,0
Scottie SCHEFFLER,1,0,0
Sebastian C RIVERA,0,0,1
Sebastian HEYMANN,0,1,0
Sebastien PATRICE,0,0,1
Selesitino RAVUTAUMADA,0,1,0
Selvyn DAVIDS,0,0,1
Semen Sergeevich NOVIKOV,1,0,0
SEMENIUK,0,1,0
SEONG Seungmin,0,0,1
Serghei TARNOVSCHI,0,0,1
Sergio CAMELLO,1,0,0
Sergio GOMEZ,1,0,0
Serhiy KULISH,0,1,0
Seth RIDER,0,1,0
Seve van ASS,1,0,0
Sevuloni MOCENACAGI,0,1,0
Sevval Ilayda TARHAN,0,1,0
Sha'carri RICHARDSON,1,1,0
Shaane FULTON,0,1,0
Shalaya VALENZUELA,0,1,0
Shamier LITTLE,1,1,0
Shamsher SINGH,0,0,1
Shani BAKANOV,0,1,0
Shanieka RICKETTS,0,1,0
Sharon KANTOR,0,1,0
Sharon van ROUWENDAAL,1,0,0
Shaun MASWANGANYI,0,1,0
Shaun WILLIAMS,0,0,1
Shayna JACK,2,0,0
Shelby McEWEN,0,1,0
SHENG Lihao,2,0,0
SHIDA Chiharu,0,0,1
SHIKINE Takahiro,1,0,0
Shilton van WYK,0,0,1
SHIN Yubin,0,0,2
Shirine BOUKLI,1,0,1
Sholto CARNEGIE,1,0,0
Sienna GREEN,0,1,0
Sienna HEARN,0,1,0
Sifan HASSAN,1,0,2
Silje SOLBERG-OESTHASSEL,1,0,0
Silvana Maria STANCO,0,1,0
Simon DELESTRE,0,0,1
Simon GAUZY,0,0,1
Simon HALD,1,0,0
Simon PYTLICK,1,0,0
Simon van DORP,0,0,1
Simona RADIS,1,1,0
Simone ALESSIO,0,0,1
Simone BILES,3,1,0
Simone CONSONNI,0,1,1
Simone MANUEL,0,2,0
Simone van de KRAATS,0,0,1
Siviwe SOYIZWAPI,0,0,1
Sjoeke NUESKEN,0,0,1
Sky BROWN,0,0,1
Skylar PARK,0,0,1
SLIWKA,0,1,0
Sloan MACKENZIE,0,0,1
SMITH,0,0,1
Soenke ROTHENBERGER,1,0,0
Sofia CAIRO,0,0,1
Sofia RAFFAELI,0,0,1
Sofia TOCCALINO,0,0,1
Sofiane OUMIHA,0,1,0
Solfrid Eila Amena KOANDA,1,0,0
Somon MAKHMADBEKOV,0,0,1
SONE Akira,0,1,0
SONG Jiayuan,0,0,1
Sonja GREINACHER,1,0,0
Sophia JUNK,0,0,1
Sophia SMITH,1,0,0
Sophiane METHOT,0,0,1
Sophie CAPEWELL,1,0,0
Soufiane EL BAKKALI,1,0,0
Soufiane RAHIMI,0,0,1
Soungoutou MAGASSA,0,1,0
Spencer Richard LEE,0,1,0
SPIRITO,1,0,0
Sreejesh PARATTU RAVEENDRAN,0,0,1
Stacey WAAKA,1,0,0
Stef BROENINK,0,1,0
Stefano OPPO,0,1,0
Stefano PESCHIERA,0,0,1
Steijn van HEIJNINGEN,1,0,0
Steph ROVETTI,0,0,1
Steph TALBOT,0,0,1
Stephane LANDOIS,0,1,0
Stephen CURRY,1,0,0
Stephen NEDOROSCIK,0,0,2
Stephen PAREZ EDO MARTIN,1,0,0
Steve GUERDAT,0,1,0
Stine Bredal OFTEDAL,1,0,0
Stine SKOGRAND,1,0,0
Strahinja RASOVIC,1,0,0
SU Weide,0,1,0
SUGINO Takaaki,1,0,0
Sukhjeet SINGH,0,0,1
Sumit SUMIT,0,0,1
Summer McINTOSH,3,1,0
SUN Jiajun,1,0,0
SUN Mengya,1,0,0
SUN Yingsha,2,1,0
Sunisa LEE,1,0,2
Surodchana KHAMBAO,0,0,1
SUSAKI Yui,0,0,1
Svenja BRUNCKHORST,1,0,0
Svetlana OSIPOVA,0,1,0
Swapnil KUSALE,0,0,1
Sydney LOHMANN,0,0,1
Sydney McLAUGHLIN-LEVRONE,1,0,0
Sydney PAYNE,0,1,0
SYLLA,1,0,0
Sylvain ANDRE,0,1,0
Tabea SCHENDEKEHL,0,0,1
Taha AKGUL,0,0,1
TAINA,0,1,0
TAINARA,0,0,1
TAKAICHI Miku,0,1,0
TAKASHIMA Risa,0,0,1
TAKATANI Daichi,0,1,0
TAKAYAMA Rika,0,1,0
TAMAI Rikuto,0,1,0
Tamara CSIPES,0,2,1
Tamara HORACEK,0,1,0
Tamari DAVIS,1,0,0
Tamirat TOLA,1,0,0
TAMIRES,0,1,0
TAN Jinzhuang,0,1,0
TAN Ning,0,1,0
TANAKA Toshiyuki,0,0,1
TANG Chia-Hung,0,0,1
TANG Muhan,0,0,1
TANG Qianting,0,2,1
TANIGAWA Wataru,1,0,0
Tanja HUEBERLI,0,0,1
Tara BABULFATH,0,0,1
Tara DAVIS-WOODHALL,1,0,0
Tara VAUGHAN,1,0,0
TARCIANE,0,1,0
Tatiana RENTERIA RENTERIA,0,0,1
Tatiana WESTON-WEBB,0,1,0
Tatjana SMITH,1,1,0
Tato GRIGALASHVILI,0,1,0
Taylor FRITZ,0,0,1
Taylor KNIBB,0,1,0
Taylor PERRY,0,1,0
Taylor SPIVEY,0,1,0
Teddy RINER,2,0,0
Temur RAKHIMOV,0,0,1
Teo HINRICHS,0,1,0
Terio Tamani VEILAWA,0,1,0
Tes SCHOUTEN,0,0,1
Tess MADGEN,0,0,1
Tessa DULLEMANS,0,1,0
THAIS,0,1,0
THAISA,0,0,1
Thale RUSHFELDT DEILA,1,0,0
Thea LAFOND,1,0,0
Theerapong SILACHAI,0,1,0
Theo FORNER,1,0,0
Theodoros TSELIDIS,0,0,1
Theresa SETEFANO,1,0,0
Thierry BRINKMAN,1,0,0
Thies PRINZ,0,1,0
Thijs van DAM,1,0,0
Thomas ARNOLDSEN,1,0,0
Thomas CECCON,1,0,1
Thomas CHIRAULT,0,1,0
Thomas DALEY,0,1,0
Thomas HEILMAN,0,1,0
Thomas NEILL,0,0,1
Thomas PIDCOCK,1,0,0
THOMPSON,0,1,0
Tiaan PRETORIUS,0,0,1
Tibor ANDRASFI,1,0,0
Tierna DAVIDSON,1,0,0
Tigst ASSEFA,0,1,0
Tijmen REYENGA,1,0,0
Tijmen van LOON,1,0,0
TILLIE,1,0,0
Tilly KEARNS,0,1,0
Tim HELLWIG,1,0,0
Tim HORNKE,0,1,0
Timothe VERGIAT,0,1,0
Tinka OFFEREINS,1,0,0
Titouan CASTRYCK,0,1,0
Tjep HOEDEMAKERS,1,0,0
Toby HARRIES,0,0,1
Toby ROBERTS,1,0,0
Tom CORNISH,0,0,1
Tom DEAN,1,0,0
Tom DIGBY,1,0,0
Tom FORD,1,0,0
Tom GEORGE,0,1,0
Tom GRAMBUSCH,0,1,0
Tom GREEN,0,0,1
Tom LIEBSCHER-LUCZ,1,0,0
Tom McEWEN,1,0,0
Tom MURRAY,0,1,0
Tom REUVENY,1,0,0
Tom SCHAAR,0,1,0
Tomas MACHAC,1,0,0
Tommaso MARINI,0,1,0
Tommy FLEETWOOD,0,1,0
Tommy PAUL,0,0,1
TOMOTO Kazuma,0,0,1
Tone WIETEN,1,0,0
Toni POPADIC,0,1,0
Toni VODISEK,0,1,0
TONIUTTI,1,0,0
Torri HUSKE,3,2,0
Trine OESTERGAARD,0,0,1
Trinity RODMAN,1,0,0
Tristan LEYDS,0,0,1
Truls MOREGARD,0,2,0
Tsige DUGUMA,0,1,0
TSUNODA Natsumi,1,1,0
Turpal Ali BISULTANOV,0,0,1
Twanisha TERRY,1,0,0
Txell FERRE GASET,0,0,1
Tyla KING,1,0,0
Tyrese HALIBURTON,1,0,0
UENO Yuka,0,0,1
Ulugbek RASHITOV,1,0,0
Uros PLAVSIC,0,0,1
Uzur DZHUZUPBEKOV,0,0,1
Valarie ALLMAN,1,0,0
Valent SINKOVIC,1,0,0
Valentin BONTUS,1,0,0
Valentin MADOUAS,0,1,0
Valentina RAPOSO RUIZ de los LLANOS,0,0,1
Valeriane AYAYI,0,1,0
Vanja MARINKOVIC,0,0,1
Varazdat LALAYAN,0,1,0
Varian PASQUET,1,0,0
Vasilije MICIC,0,0,1
Veddriq LEONARDO,1,0,0
Vega GIMENO,0,1,0
Vernon NORWOOD,1,1,0
Veronica KRISTIANSEN,1,0,0
Veronika MAJOR,0,0,1
Veronique MEESTER,1,0,0
VICTOR,0,0,1
Victor KORETZKY,0,1,0
Victor LINDGREN,0,1,0
Victor WEMBANYAMA,0,1,0
Victoria OHURUOGU,0,0,1
Victoria SAUZE VALDEZ,0,0,1
Victoria Stefania PETREANU,1,0,0
Viktor AXELSEN,1,0,0
Viktor RASOVIC,1,0,0
Viktorija SENKUTE,0,0,1
Vilde INGSTAD,1,0,0
Vilma BOBECK,0,1,0
Vincent HANCOCK,1,1,0
VITORIA YAYA,0,1,0
Vittoria GUAZZINI,1,0,0
Vivek Sagar PRASAD,0,0,1
Vivian SEVENICH,0,0,1
Viviana MARTON,1,0,0
Vivien ENDEMANN,0,0,1
Viyaleta BARDZILOUSKAYA,0,1,0
Vladimir MISOVIC,1,0,0
Waisea NACUQU,0,1,0
Walide KHYAR,1,0,0
WAN Letian,0,0,1
WANG Chang,0,1,0
WANG Changhao,1,0,0
WANG Chi-Lin,1,0,0
WANG Chuqin,2,0,0
WANG Ciyue,1,0,0
WANG Lanjing,1,0,0
WANG Liuyi,2,0,0
WANG Manyu,1,0,0
WANG Qianyi,2,0,0
WANG Shun,0,0,1
WANG Xinjie,0,0,1
WANG Xinyu,0,1,0
WANG Xueer,0,0,1
WANG Zisai,0,1,0
WANG Zongyuan,1,1,0
WASHINGTON,0,1,0
WATANABE Yuta,0,0,1
Wayne PINNOCK,0,1,0
Weeraphon WICHUMA,0,1,0
William McKENZIE,0,1,0
William YANG,0,1,0
Willian LIMA,0,1,1
Winfred YAVI,1,0,0
WOLF Aaron,0,1,0
WONG-ORANTES,0,1,0
Wooi Yik SOH,0,0,1
Worthy de JONG,1,0,0
Wout van AERT,0,0,1
WU Peng,0,1,0
WU Qingfeng,0,0,2
WU Shih Yi,0,0,1
WU Yu,1,0,0
Wyatt SANFORD,0,0,1
Xan de WAARD,1,0,0
XIANG Binxuan,1,0,0
XIAO Ruoteng,0,1,1
XIAO Yanning,1,0,0
XIE Siyi,1,0,0
XIE Yu,1,0,0
XU Jiayu,1,2,0
XU Shixiao,1,0,0
XU Wenyu,0,1,0
YAMADA Masaru,0,1,0
YAN Langyu,0,0,1
YANG Hao,1,0,0
YANG Jiayu,1,0,0
YANG Jiin,1,0,0
YANG Junxuan,0,1,3
YANG Liu,0,2,0
YANG Wenlu,0,1,0
YANG Xiaolei,0,1,0
Yannick BOREL,0,1,0
Yared NUGUSE,0,0,1
Yarisleidis CIRILO DUBOYS,0,0,1
Yaroslava MAHUCHIKH,1,0,0
Yasmani ACOSTA FERNANDEZ,0,1,0
YASMIM,0,1,0
Yasmin HARPER,0,0,1
Yasmin INGHAM,1,0,0
Yassine KECHTA,0,0,1
Yauheni TSIKHANTSOU,0,0,1
Yauheni ZALATY,0,1,0
YE Jiao,0,1,0
Yeison LOPEZ,0,1,0
Yeldos SMETOV,1,0,0
Yemi Mary JOHN,0,0,1
Yemisi OGUNLEYE,1,0,0
Yibbi JANSEN,1,0,0
Ymkje CLEVERING,1,0,0
Yohann NDOYE-BROUARD,0,0,1
YOON Hyunji,0,0,1
YOON Jisu,0,1,0
YOSHIOKA Miho,0,1,0
YOSHIZAWA Coco,1,0,0
YU Anhui,0,1,0
YU Yiting,0,0,2
Yuliia BAKASTOVA,1,0,0
Yunior ALCANTARA REYES,0,0,1
Yusneylis GUZMAN LOPEZ,0,1,0
Yusuf DIKEC,0,1,0
Zac INCERTI,0,0,1
Zac STUBBLETY-COOK,0,1,1
Zaid KAREEM,0,1,0
Zain DAVIDS,0,0,1
Zakaria EL OUAHDI,0,0,1
ZATORSKI,0,1,0
Zelym KOTSOIEV,1,0,0
Zhan BELENIUK,0,0,1
ZHANG Boheng,0,2,1
ZHANG Qiongyue,0,0,1
ZHANG Yayi,1,0,0
ZHANG Ying,0,1,0
ZHANG Yufei,0,1,5
ZHANG Zhizhen,0,1,0
ZHAO Jie,0,0,1
Zharnel HUGHES,0,0,1
ZHENG Qinwen,1,0,0
ZHENG Si Wei,1,0,0
Zholaman SHARSHENBEKOV,0,0,1
ZHONG Jiaqi,0,1,0
ZHOU Yaqin,0,1,0
Zii Jia LEE,0,0,1
Zoe ARANCINI,0,1,0
Zoe CLAESSENS,0,0,1
Zoe DIAZ de ARMAS,0,0,1
Zoi FITSIOU,0,0,1
Zorana ARUNOVIC,1,0,0
ZOU Jingyuan,1,2,0
ZOU Meirong,0,1,0
