7/27,Tunisia,Fares FERJANI,Fencing - Men's Sabre Individual,153,2,X 1
7/27,Belgium,Wout van AERT,Cycling Road - Men's Individual Time Trial,120,3,X 1
7/27,France,Men's Team,Rugby Sevens - Men,203,1,X 13
7/27,Australia,Men's Team,Swimming - Men's 4 x 100m Freestyle Relay,271,2,X 5
7/27,France,Luka MKHEIDZE,Judo - Men -60 kg,175,2,X 1
7/27,South Korea,KIM Woomin,Swimming - Men's 400m Freestyle,260,3,X 1
7/27,Australia,Elijah WINNINGTON,Swimming - Men's 400m Freestyle,260,2,X 1
7/27,Australia,Ariarne TITMUS,Swimming - Women's 400m Freestyle,243,1,X 1
7/27,Kazakhstan,Mixed Team,Shooting - 10m Air Rifle Mixed Team,227,3,X 2
7/27,South Africa,Men's Team,Rugby Sevens - Men,203,3,X 13
7/27,Japan,NAGAYAMA Ryuju,Judo - Men -60 kg,175,3,X 1
7/27,Italy,Luigi SAMELE,Fencing - Men's Sabre Individual,153,3,X 1
7/27,South Korea,OH Sanguk,Fencing - Men's Sabre Individual,153,1,X 1
7/27,Belgium,Remco EVENEPOEL,Cycling Road - Men's Individual Time Trial,120,1,X 1
7/27,Italy,Filippo GANNA,Cycling Road - Men's Individual Time Trial,120,2,X 1
7/27,Germany,Lukas MAERTENS,Swimming - Men's 400m Freestyle,260,1,X 1
7/27,Italy,Men's Team,Swimming - Men's 4 x 100m Freestyle Relay,271,3,X 6
7/27,France,Shirine BOUKLI,Judo - Women -48 kg,168,3,X 1
7/27,United States,Chloe DYGERT,Cycling Road - Women's Individual Time Trial,121,3,X 1
7/27,Sweden,Tara BABULFATH,Judo - Women -48 kg,168,3,X 1
7/27,Kazakhstan,Yeldos SMETOV,Judo - Men -60 kg,175,1,X 1
7/27,France,Auriane MALLO-BRETON,Fencing - Women's Epee Individual,148,2,X 1
7/27,Australia,Women's Team,Swimming - Women's 4 x 100m Freestyle Relay,254,1,X 6
7/27,United States,Men's Team,Swimming - Men's 4 x 100m Freestyle Relay,271,1,X 6
7/27,Spain,Francisco GARRIGOS,Judo - Men -60 kg,175,3,X 1
7/27,Japan,TSUNODA Natsumi,Judo - Women -48 kg,168,1,X 1
7/27,China,Mixed Team,Shooting - 10m Air Rifle Mixed Team,227,1,X 2
7/27,Fiji,Men's Team,Rugby Sevens - Men,203,2,X 14
7/27,Australia,Grace BROWN,Cycling Road - Women's Individual Time Trial,121,1,X 1
7/27,Canada,Summer McINTOSH,Swimming - Women's 400m Freestyle,243,2,X 1
7/27,China,Women's Team,Diving - Women's Synchronised 3m Springboard,136,1,X 2
7/27,Great Britain,Women's Team,Diving - Women's Synchronised 3m Springboard,136,3,X 2
7/27,Hong Kong,KONG Man Wai Vivian,Fencing - Women's Epee Individual,148,1,X 1
7/27,United States,Katie LEDECKY,Swimming - Women's 400m Freestyle,243,3,X 1
7/27,Mongolia,Baasankhuu BAVUUDORJ,Judo - Women -48 kg,168,2,X 1
7/27,Great Britain,Anna HENDERSON,Cycling Road - Women's Individual Time Trial,121,2,X 1
7/27,South Korea,Mixed Team,Shooting - 10m Air Rifle Mixed Team,227,2,X 2
7/27,United States,Women's Team,Diving - Women's Synchronised 3m Springboard,136,2,X 2
7/27,Hungary,Eszter MUHARI,Fencing - Women's Epee Individual,148,3,X 1
7/27,United States,Women's Team,Swimming - Women's 4 x 100m Freestyle Relay,254,2,X 6
7/27,China,Women's Team,Swimming - Women's 4 x 100m Freestyle Relay,254,3,X 5
7/28,Great Britain,Kimberley WOODS,Canoe Slalom - Women's Kayak Single,97,3,X 1
7/28,United States,Lauren SCRUGGS,Fencing - Women's Foil Individual,149,2,X 1
7/28,United States,Carson FOSTER,Swimming - Men's 400m Individual Medley,270,3,X 1
7/28,South Korea,OH Ye Jin,Shooting - 10m Air Pistol Women,223,1,X 1
7/28,Poland,Klaudia ZWOLINSKA,Canoe Slalom - Women's Kayak Single,97,2,X 1
7/28,Australia,Jessica FOX,Canoe Slalom - Women's Kayak Single,97,1,X 1
7/28,United States,Nic FINK,Swimming - Men's 100m Breaststroke,265,2,X 1
7/28,South Korea,KIM Yeji,Shooting - 10m Air Pistol Women,223,2,X 1
7/28,Mexico,Women's Team,Archery - Women's Team,4,3,X 3
7/28,United States,Haley BATTEN,Cycling Mountain Bike - Women's Cross-country,117,2,X 1
7/28,Brazil,Willian LIMA,Judo - Men -66 kg,176,2,X 1
7/28,Uzbekistan,Diyora KELDIYOROVA,Judo - Women -52 kg,169,1,X 1
7/28,China,Women's Team,Archery - Women's Team,4,2,X 3
7/28,Republic of Moldova,Denis VIERU,Judo - Men -66 kg,176,3,X 1
7/28,Italy,Paolo MONNA,Shooting - 10m Air Pistol Men,217,3,X 1
7/28,United States,Lee KIEFER,Fencing - Women's Foil Individual,149,1,X 1
7/28,China,XIE Yu,Shooting - 10m Air Pistol Men,217,1,X 1
7/28,Canada,Eleanor HARVEY,Fencing - Women's Foil Individual,149,3,X 1
7/28,Brazil,Larissa PIMENTA,Judo - Women -52 kg,169,3,X 1
7/28,Kosovo,Distria KRASNIQI,Judo - Women -52 kg,169,2,X 1
7/28,Kazakhstan,Gusman KYRGYZBAYEV,Judo - Men -66 kg,176,3,X 1
7/28,Japan,ABE Hifumi,Judo - Men -66 kg,176,1,X 1
7/28,United States,Gretchen WALSH,Swimming - Women's 100m Butterfly,250,2,X 1
7/28,France,Pauline FERRAND PREVOT,Cycling Mountain Bike - Women's Cross-country,117,1,X 1
7/28,France,Yannick BOREL,Fencing - Men's Epee Individual,151,2,X 1
7/28,South Korea,Women's Team,Archery - Women's Team,4,1,X 3
7/28,United States,Torri HUSKE,Swimming - Women's 100m Butterfly,250,1,X 1
7/28,Japan,MATSUSHITA Tomoyuki,Swimming - Men's 400m Individual Medley,270,2,X 1
7/28,Sweden,Jenny RISSVEDS,Cycling Mountain Bike - Women's Cross-country,117,3,X 1
7/28,France,Leon MARCHAND,Swimming - Men's 400m Individual Medley,270,1,X 1
7/28,Egypt,Mohamed ELSAYED,Fencing - Men's Epee Individual,151,3,X 1
7/28,Italy,Nicolo MARTINENGHI,Swimming - Men's 100m Breaststroke,265,1,X 1
7/28,China,ZHANG Yufei,Swimming - Women's 100m Butterfly,250,3,X 1
7/28,Japan,YOSHIZAWA Coco,Skateboarding - Women's Street,230,1,X 1
7/28,India,Manu BHAKER,Shooting - 10m Air Pistol Women,223,3,X 1
7/28,France,Amandine BUCHARD,Judo - Women -52 kg,169,3,X 1
7/28,Japan,AKAMA Liz,Skateboarding - Women's Street,230,2,X 1
7/28,Japan,KANO Koki,Fencing - Men's Epee Individual,151,1,X 1
7/28,Great Britain,Adam PEATY,Swimming - Men's 100m Breaststroke,265,2,X 1
7/28,Brazil,Rayssa LEAL,Skateboarding - Women's Street,230,3,X 1
7/28,Italy,Federico Nilo MALDINI,Shooting - 10m Air Pistol Men,217,2,X 1
7/29,Japan,HORIGOME Yuto,Skateboarding - Men's Street,231,1,X 1
7/29,France,Sara BALZER,Fencing - Women's Sabre Individual,150,2,X 1
7/29,South Korea,HUH Mimi,Judo - Women -57 kg,170,2,X 1
7/29,South Korea,Men's Team,Archery - Men's Team,3,1,X 3
7/29,Great Britain,Laura COLLETT,Equestrian - Eventing Individual,143,3,X 1
7/29,United States,Jagger EATON,Skateboarding - Men's Street,231,2,X 1
7/29,China,XU Jiayu,Swimming - Men's 100m Backstroke,263,2,X 1
7/29,United States,Katie GRIMES,Swimming - Women's 400m Individual Medley,253,2,X 1
7/29,United States,Men's Team,Artistic Gymnastics - Men's Team,13,3,X 5
7/29,Japan,HASHIMOTO Soichi,Judo - Men -73 kg,177,3,X 1
7/29,Hong Kong,CHEUNG Ka Long,Fencing - Men's Foil Individual,152,1,X 1
7/29,Japan,Men's Team,Artistic Gymnastics - Men's Team,13,1,X 5
7/29,South Korea,BAN Hyojin,Shooting - 10m Air Rifle Women,221,1,X 1
7/29,Canada,Summer McINTOSH,Swimming - Women's 400m Individual Medley,253,1,X 1
7/29,Croatia,Miran MARICIC,Shooting - 10m Air Rifle Men,215,3,X 1
7/29,Ireland,Mona Mc SHARRY,Swimming - Women's 100m Breaststroke,248,3,X 1
7/29,United States,Nick ITKIN,Fencing - Men's Foil Individual,152,3,X 1
7/29,Australia,Ariarne TITMUS,Swimming - Women's 200m Freestyle,242,2,X 1
7/29,Japan,FUNAKUBO Haruka,Judo - Women -57 kg,170,3,X 1
7/29,China,Men's Team,Diving - Men's Synchronised 10m Platform,141,1,X 2
7/29,Germany,Michael JUNG,Equestrian - Eventing Individual,143,1,X 1
7/29,Great Britain,Open Team,Equestrian - Eventing Team,142,1,X 4
7/29,France,Nicolas GESTIN,Canoe Slalom - Men's Canoe Single,98,1,X 1
7/29,France,Open Team,Equestrian - Eventing Team,142,2,X 4
7/29,Canada,Men's Team,Diving - Men's Synchronised 10m Platform,141,3,X 2
7/29,Great Britain,Adam BURGESS,Canoe Slalom - Men's Canoe Single,98,2,X 1
7/29,China,TANG Qianting,Swimming - Women's 100m Breaststroke,248,2,X 1
7/29,Turkey,Men's Team,Archery - Men's Team,3,3,X 3
7/29,Great Britain,Men's Team,Diving - Men's Synchronised 10m Platform,141,2,X 2
7/29,Hong Kong,HAUGHEY Siobhan Bernadette,Swimming - Women's 200m Freestyle,242,3,X 1
7/29,France,Sarah Leonie CYSIQUE,Judo - Women -57 kg,170,3,X 1
7/29,Italy,Thomas CECCON,Swimming - Men's 100m Backstroke,263,1,X 1
7/29,United States,Nyjah HUSTON,Skateboarding - Men's Street,231,3,X 1
7/29,France,Victor KORETZKY,Cycling Mountain Bike - Men's Cross-country,116,2,X 1
7/29,Ukraine,Olga KHARLAN,Fencing - Women's Sabre Individual,150,3,X 1
7/29,Australia,Christopher BURTON,Equestrian - Eventing Individual,143,2,X 1
7/29,Italy,Filippo MACCHI,Fencing - Men's Foil Individual,152,2,X 1
7/29,Slovakia,Matej BENUS,Canoe Slalom - Men's Canoe Single,98,3,X 1
7/29,Japan,Open Team,Equestrian - Eventing Team,142,3,X 4
7/29,Republic of Moldova,Adil OSMANOV,Judo - Men -73 kg,177,3,X 1
7/29,Switzerland,Audrey GOGNIAT,Shooting - 10m Air Rifle Women,221,3,X 1
7/29,France,Joan-Benjamin GABA,Judo - Men -73 kg,177,2,X 1
7/29,Great Britain,Matthew RICHARDS,Swimming - Men's 200m Freestyle,259,2,X 1
7/29,Romania,David POPOVICI,Swimming - Men's 200m Freestyle,259,1,X 1
7/29,Great Britain,Thomas PIDCOCK,Cycling Mountain Bike - Men's Cross-country,116,1,X 1
7/29,Azerbaijan,Hidayat HEYDAROV,Judo - Men -73 kg,177,1,X 1
7/29,Australia,Mollie O'CALLAGHAN,Swimming - Women's 200m Freestyle,242,1,X 1
7/29,United States,Ryan MURPHY,Swimming - Men's 100m Backstroke,263,3,X 1
7/29,China,HUANG Yuting,Shooting - 10m Air Rifle Women,221,2,X 1
7/29,China,SHENG Lihao,Shooting - 10m Air Rifle Men,215,1,X 1
7/29,Sweden,Victor LINDGREN,Shooting - 10m Air Rifle Men,215,2,X 1
7/29,France,Manon APITHY-BRUNET,Fencing - Women's Sabre Individual,150,1,X 1
7/29,United States,Emma WEYANT,Swimming - Women's 400m Individual Medley,253,3,X 1
7/29,France,Men's Team,Archery - Men's Team,3,2,X 3
7/29,United States,Luke HOBSON,Swimming - Men's 200m Freestyle,259,3,X 1
7/29,South Africa,Alan HATHERLY,Cycling Mountain Bike - Men's Cross-country,116,3,X 1
7/29,China,Men's Team,Artistic Gymnastics - Men's Team,13,2,X 5
7/29,Canada,Christa DEGUCHI,Judo - Women -57 kg,170,1,X 1
7/29,South Africa,Tatjana SMITH,Swimming - Women's 100m Breaststroke,248,1,X 1
7/30,South Korea,LEE Joonhwan,Judo - Men -81 kg,178,3,X 1
7/30,United States,Katharine BERKOFF,Swimming - Women's 100m Backstroke,246,3,X 1
7/30,New Zealand,Women's Team,Rugby Sevens - Women,204,1,X 12
7/30,Brazil,Women's Team,Artistic Gymnastics - Women's Team,19,3,X 5
7/30,Italy,Gregorio PALTRINIERI,Swimming - Men's 800m Freestyle,261,3,X 1
7/30,Australia,Kaylee McKEOWN,Swimming - Women's 100m Backstroke,246,1,X 1
7/30,Mexico,Prisca AWITI ALCARAZ,Judo - Women -63 kg,171,2,X 1
7/30,Turkey,Mixed Team,Shooting - 10m Air Pistol Mixed Team,228,2,X 2
7/30,Serbia,Mixed Team,Shooting - 10m Air Pistol Mixed Team,228,1,X 2
7/30,Kosovo,Laura FAZLIU,Judo - Women -63 kg,171,3,X 1
7/30,Japan,NAGASE Takanori,Judo - Men -81 kg,178,1,X 1
7/30,France,Women's Team,Fencing - Women's Epee Team,154,2,X 4
7/30,Tajikistan,Somon MAKHMADBEKOV,Judo - Men -81 kg,178,3,X 1
7/30,Italy,Women's Team,Artistic Gymnastics - Women's Team,19,2,X 5
7/30,Great Britain,Nathan HALES,Shooting - Trap Men,219,1,X 1
7/30,France,Clarisse AGBEGNENOU,Judo - Women -63 kg,171,3,X 1
7/30,Slovenia,Andreja LESKI,Judo - Women -63 kg,171,1,X 1
7/30,United States,Men's Team,Swimming - Men's 4 x 200m Freestyle Relay,272,2,X 7
7/30,India,Mixed Team,Shooting - 10m Air Pistol Mixed Team,228,3,X 2
7/30,Georgia,Tato GRIGALASHVILI,Judo - Men -81 kg,178,2,X 1
7/30,Australia,Men's Team,Swimming - Men's 4 x 200m Freestyle Relay,272,3,X 6
7/30,Guatemala,Jean Pierre BROL CARDENAS,Shooting - Trap Men,219,3,X 1
7/30,DPR Korea,Mixed Team,Table Tennis - Mixed Doubles,277,2,X 2
7/30,Italy,Women's Team,Fencing - Women's Epee Team,154,1,X 4
7/30,South Korea,Mixed Team,Table Tennis - Mixed Doubles,277,3,X 2
7/30,United States,Women's Team,Rugby Sevens - Women,204,3,X 12
7/30,Poland,Women's Team,Fencing - Women's Epee Team,154,3,X 4
7/30,United States,Women's Team,Artistic Gymnastics - Women's Team,19,1,X 5
7/30,Ireland,Daniel WIFFEN,Swimming - Men's 800m Freestyle,261,1,X 1
7/30,Canada,Women's Team,Rugby Sevens - Women,204,2,X 14
7/30,United States,Regan SMITH,Swimming - Women's 100m Backstroke,246,2,X 1
7/30,China,Mixed Team,Table Tennis - Mixed Doubles,277,1,X 2
7/30,China,QI Ying,Shooting - Trap Men,219,2,X 1
7/30,Great Britain,Men's Team,Swimming - Men's 4 x 200m Freestyle Relay,272,1,X 6
7/30,United States,Bobby FINKE,Swimming - Men's 800m Freestyle,261,2,X 1
7/31,South Korea,Men's Team,Fencing - Men's Sabre Team,159,1,X 4
7/31,Germany,Elena LILIK,Canoe Slalom - Women's Canoe Single,99,2,X 1
7/31,Argentina,Jose TORRES GIL,Cycling BMX Freestyle - Men's Park,113,1,X 1
7/31,Great Britain,Beth POTTER,Triathlon - Women's Individual,295,3,X 1
7/31,United States,Katie LEDECKY,Swimming - Women's 1500m Freestyle,245,1,X 1
7/31,Netherlands,Caspar CORBEAU,Swimming - Men's 200m Breaststroke,266,3,X 1
7/31,New Zealand,Hayden WILDE,Triathlon - Men's Individual,296,2,X 1
7/31,Australia,Penny SMITH,Shooting - Trap Women,225,3,X 1
7/31,France,Men's Team,Fencing - Men's Sabre Team,159,3,X 4
7/31,Italy,Silvana Maria STANCO,Shooting - Trap Women,225,2,X 1
7/31,Italy,Men's Team,Rowing - Men's Quadruple Sculls,200,2,X 4
7/31,Great Britain,Kieran Darren David REILLY,Cycling BMX Freestyle - Men's Park,113,2,X 1
7/31,China,Women's Team,Diving - Women's Synchronised 10m Platform,137,1,X 2
7/31,United States,Perris BENEGAS,Cycling BMX Freestyle - Women's Park,112,2,X 1
7/31,Australia,Zac STUBBLETY-COOK,Swimming - Men's 200m Breaststroke,266,2,X 1
7/31,China,XIAO Ruoteng,Artistic Gymnastics - Men's All-Around,6,3,X 1
7/31,France,Cassandre BEAUGRAND,Triathlon - Women's Individual,295,1,X 1
7/31,Great Britain,Alex YEE,Triathlon - Men's Individual,296,1,X 1
7/31,Romania,David POPOVICI,Swimming - Men's 100m Freestyle,258,3,X 1
7/31,Austria,Michaela POLLERES,Judo - Women -70 kg,172,3,X 1
7/31,Poland,Men's Team,Rowing - Men's Quadruple Sculls,200,3,X 4
7/31,France,Anastasiia KIRPICHNIKOVA,Swimming - Women's 1500m Freestyle,245,2,X 1
7/31,China,ZHANG Boheng,Artistic Gymnastics - Men's All-Around,6,2,X 1
7/31,Germany,Miriam BUTKEREIT,Judo - Women -70 kg,172,2,X 1
7/31,Japan,MURAO Sanshiro,Judo - Men -90 kg,179,2,X 1
7/31,United States,Evy LEIBFARTH,Canoe Slalom - Women's Canoe Single,99,3,X 1
7/31,Hong Kong,HAUGHEY Siobhan Bernadette,Swimming - Women's 100m Freestyle,241,3,X 1
7/31,France,Leon MARCHAND,Swimming - Men's 200m Butterfly,268,1,X 1
7/31,United States,Torri HUSKE,Swimming - Women's 100m Freestyle,241,2,X 1
7/31,China,PAN Zhanle,Swimming - Men's 100m Freestyle,258,1,X 1
7/31,Australia,Jessica FOX,Canoe Slalom - Women's Canoe Single,99,1,X 1
7/31,Belgium,Gabriella WILLEMS,Judo - Women -70 kg,172,3,X 1
7/31,Australia,Kyle CHALMERS,Swimming - Men's 100m Freestyle,258,2,X 1
7/31,Great Britain,Women's Team,Rowing - Women's Quadruple Sculls,199,1,X 4
7/31,Germany,Women's Team,Rowing - Women's Quadruple Sculls,199,3,X 4
7/31,France,Leon MARCHAND,Swimming - Men's 200m Breaststroke,266,1,X 1
7/31,Canada,Ilya KHARUN,Swimming - Men's 200m Butterfly,268,3,X 1
7/31,Japan,OKA Shinnosuke,Artistic Gymnastics - Men's All-Around,6,1,X 1
7/31,Croatia,Barbara MATIC,Judo - Women -70 kg,172,1,X 1
7/31,Sweden,Sarah SJOESTROEM,Swimming - Women's 100m Freestyle,241,1,X 1
7/31,France,Leo BERGERE,Triathlon - Men's Individual,296,3,X 1
7/31,China,DENG Yawen,Cycling BMX Freestyle - Women's Park,112,1,X 1
7/31,Hungary,Kristof MILAK,Swimming - Men's 200m Butterfly,268,2,X 1
7/31,Australia,Natalya DIEHM,Cycling BMX Freestyle - Women's Park,112,3,X 1
7/31,Hungary,Men's Team,Fencing - Men's Sabre Team,159,2,X 4
7/31,Netherlands,Men's Team,Rowing - Men's Quadruple Sculls,200,1,X 4
7/31,Netherlands,Women's Team,Rowing - Women's Quadruple Sculls,199,2,X 4
7/31,France,Anthony JEANJEAN,Cycling BMX Freestyle - Men's Park,113,3,X 1
7/31,France,Maxime-Gael NGAYAP HAMBOU,Judo - Men -90 kg,179,3,X 1
7/31,Switzerland,Julie DERRON,Triathlon - Women's Individual,295,2,X 1
7/31,Greece,Theodoros TSELIDIS,Judo - Men -90 kg,179,3,X 1
7/31,Guatemala,Adriana RUANO OLIVA,Shooting - Trap Women,225,1,X 1
7/31,Georgia,Lasha BEKAURI,Judo - Men -90 kg,179,1,X 1
7/31,Great Britain,Women's Team,Diving - Women's Synchronised 10m Platform,137,3,X 2
7/31,DPR Korea,Women's Team,Diving - Women's Synchronised 10m Platform,137,2,X 2
7/31,Germany,Isabel GOSE,Swimming - Women's 1500m Freestyle,245,3,X 1
8/01,Great Britain,Women's Team,Rowing - Women's Four,193,2,X 4
8/01,United States,Sunisa LEE,Artistic Gymnastics - Women's All-Around,14,3,X 1
8/01,Israel,Inbar LANIR,Judo - Women -78 kg,173,2,X 1
8/01,South Africa,Tatjana SMITH,Swimming - Women's 200m Breaststroke,249,2,X 1
8/01,New Zealand,Women's Team,Rowing - Women's Double Sculls,191,1,X 2
8/01,Brazil,Rebeca ANDRADE,Artistic Gymnastics - Women's All-Around,14,2,X 1
8/01,Japan,Women's Team,Fencing - Women's Foil Team,155,3,X 4
8/01,United States,Kate DOUGLASS,Swimming - Women's 200m Breaststroke,249,1,X 1
8/01,New Zealand,Men's Team,Rowing - Men's Four,194,2,X 4
8/01,Ireland,Men's Team,Rowing - Men's Double Sculls,192,3,X 2
8/01,Georgia,Ilia SULAMANIDZE,Judo - Men -100 kg,180,2,X 1
8/01,France,Titouan CASTRYCK,Canoe Slalom - Men's Kayak Single,96,2,X 1
8/01,New Zealand,Women's Team,Rowing - Women's Four,193,3,X 4
8/01,Spain,Pau ECHANIZ,Canoe Slalom - Men's Kayak Single,96,3,X 1
8/01,Hungary,Hubert KOS,Swimming - Men's 200m Backstroke,264,1,X 1
8/01,United States,Women's Team,Fencing - Women's Foil Team,155,1,X 4
8/01,Portugal,Patricia SAMPAIO,Judo - Women -78 kg,173,3,X 1
8/01,Spain,Alvaro MARTIN,Athletics - Men's 20km Race Walk,42,3,X 1
8/01,Romania,Men's Team,Rowing - Men's Double Sculls,192,1,X 2
8/01,Netherlands,Women's Team,Rowing - Women's Four,193,1,X 4
8/01,Greece,Apostolos CHRISTOU,Swimming - Men's 200m Backstroke,264,2,X 1
8/01,Canada,Summer McINTOSH,Swimming - Women's 200m Butterfly,251,1,X 1
8/01,India,Swapnil KUSALE,Shooting - 50m Rifle 3 Positions Men,216,3,X 1
8/01,Uzbekistan,Muzaffarbek TUROBOYEV,Judo - Men -100 kg,180,3,X 1
8/01,Brazil,Caio BONFIM,Athletics - Men's 20km Race Walk,42,2,X 1
8/01,China,LIU Yukun,Shooting - 50m Rifle 3 Positions Men,216,1,X 1
8/01,Netherlands,Tes SCHOUTEN,Swimming - Women's 200m Breaststroke,249,3,X 1
8/01,Great Britain,Women's Team,Rowing - Women's Double Sculls,191,3,X 2
8/01,United States,Regan SMITH,Swimming - Women's 200m Butterfly,251,2,X 1
8/01,United States,Simone BILES,Artistic Gymnastics - Women's All-Around,14,1,X 1
8/01,Netherlands,Men's Team,Rowing - Men's Double Sculls,192,2,X 2
8/01,Azerbaijan,Zelym KOTSOIEV,Judo - Men -100 kg,180,1,X 1
8/01,Romania,Women's Team,Rowing - Women's Double Sculls,191,2,X 2
8/01,Italy,Women's Team,Fencing - Women's Foil Team,155,2,X 4
8/01,Italy,Giovanni de GENNARO,Canoe Slalom - Men's Kayak Single,96,1,X 1
8/01,United States,Women's Team,Swimming - Women's 4 x 200m Freestyle Relay,255,2,X 7
8/01,Switzerland,Roman MITYUKOV,Swimming - Men's 200m Backstroke,264,3,X 1
8/01,Israel,Peter PALTCHIK,Judo - Men -100 kg,180,3,X 1
8/01,China,YANG Jiayu,Athletics - Women's 20km Race Walk,65,1,X 1
8/01,Great Britain,Men's Team,Rowing - Men's Four,194,3,X 4
8/01,United States,Men's Team,Rowing - Men's Four,194,1,X 4
8/01,Italy,Alice BELLANDI,Judo - Women -78 kg,173,1,X 1
8/01,China,ZHANG Yufei,Swimming - Women's 200m Butterfly,251,3,X 1
8/01,Australia,Jemima MONTAG,Athletics - Women's 20km Race Walk,65,3,X 1
8/01,Ukraine,Serhiy KULISH,Shooting - 50m Rifle 3 Positions Men,216,2,X 1
8/01,Puerto Rico,Maria PEREZ,Athletics - Women's 20km Race Walk,65,2,X 1
8/01,Ecuador,Brian Daniel PINTADO,Athletics - Men's 20km Race Walk,42,1,X 1
8/01,China,Women's Team,Swimming - Women's 4 x 200m Freestyle Relay,255,3,X 6
8/01,China,MA Zhenzhao,Judo - Women -78 kg,173,3,X 1
8/01,Australia,Women's Team,Swimming - Women's 4 x 200m Freestyle Relay,255,1,X 6
8/02,China,ZHANG Qiongyue,Shooting - 50m Rifle 3 Positions Women,222,3,X 1
8/02,Hungary,Men's Team,Fencing - Men's Epee Team,157,1,X 4
8/02,Czechia,Men's Team,Fencing - Men's Epee Team,157,3,X 4
8/02,France,Open Team,Equestrian - Jumping Team,146,3,X 4
8/02,Switzerland,Zoe CLAESSENS,Cycling BMX Racing - Women,114,3,X 1
8/02,United States,Mixed Team,Archery - Mixed Team,5,3,X 2
8/02,Switzerland,Men's Team,Rowing - Men's Pair,190,3,X 2
8/02,Canada,Mixed Team,Tennis - Mixed Doubles,292,3,X 2
8/02,Great Britain,Men's Team,Diving - Men's Synchronised 3m Springboard,140,3,X 2
8/02,Canada,Kylie MASSE,Swimming - Women's 200m Backstroke,247,3,X 1
8/02,Ethiopia,Berihu AREGAWI,Athletics - Men's 10,000m,28,2,X 1
8/02,Spain,Men's Team,Sailing - Men's Skiff,208,1,X 2
8/02,United States,Sagen MADDALENA,Shooting - 50m Rifle 3 Positions Women,222,2,X 1
8/02,Netherlands,Women's Team,Sailing - Women's Skiff,212,1,X 2
8/02,Australia,Saya SAKAKIBARA,Cycling BMX Racing - Women,114,1,X 1
8/02,Ireland,Men's Team,Rowing - Lightweight Men's Double Sculls,198,1,X 2
8/02,China,WANG Shun,Swimming - Men's 200m Individual Medley,269,3,X 1
8/02,Japan,Men's Team,Fencing - Men's Epee Team,157,2,X 4
8/02,Poland,Iga SWIATEK,Tennis - Women's Singles,289,3,X 1
8/02,Sweden,Women's Team,Sailing - Women's Skiff,212,2,X 2
8/02,Japan,Mixed Team,Badminton - Mixed Doubles,74,3,X 2
8/02,Croatia,Men's Team,Rowing - Men's Pair,190,1,X 2
8/02,South Korea,KIM Minjong,Judo - Men +100 kg,181,2,X 1
8/02,Switzerland,Chiara LEONE,Shooting - 50m Rifle 3 Positions Women,222,1,X 1
8/02,Great Britain,Women's Team,Rowing - Lightweight Women's Double Sculls,197,1,X 2
8/02,Australia,Women's Team,Rowing - Women's Pair,189,3,X 2
8/02,Great Britain,Benjamin PROUD,Swimming - Men's 50m Freestyle,257,2,X 1
8/02,Individual Neutral Athletes,Ivan LITVINOVICH,Trampoline - Men,293,1,X 1
8/02,South Korea,Mixed Team,Badminton - Mixed Doubles,74,2,X 2
8/02,Individual Neutral Athletes,Viyaleta BARDZILOUSKAYA,Trampoline - Women,294,2,X 1
8/02,Netherlands,Women's Team,Rowing - Women's Pair,189,1,X 2
8/02,France,Teddy RINER,Judo - Men +100 kg,181,1,X 1
8/02,United States,Men's Team,Sailing - Men's Skiff,208,3,X 2
8/02,France,Sylvain ANDRE,Cycling BMX Racing - Men,115,2,X 1
8/02,Brazil,Beatriz SOUZA,Judo - Women +78 kg,174,1,X 1
8/02,France,Women's Team,Sailing - Women's Skiff,212,3,X 2
8/02,France,Leon MARCHAND,Swimming - Men's 200m Individual Medley,269,1,X 1
8/02,South Korea,Mixed Team,Archery - Mixed Team,5,1,X 2
8/02,Uzbekistan,Alisher YUSUPOV,Judo - Men +100 kg,181,3,X 1
8/02,Uganda,Joshua CHEPTEGEI,Athletics - Men's 10,000m,28,1,X 1
8/02,Australia,Cameron McEVOY,Swimming - Men's 50m Freestyle,257,1,X 1
8/02,Great Britain,Bryony PAGE,Trampoline - Women,294,1,X 1
8/02,Great Britain,Open Team,Equestrian - Jumping Team,146,1,X 4
8/02,France,Romane DICKO,Judo - Women +78 kg,174,3,X 1
8/02,China,Men's Team,Diving - Men's Synchronised 3m Springboard,140,1,X 2
8/02,Netherlands,Manon VEENSTRA,Cycling BMX Racing - Women,114,2,X 1
8/02,France,Florent MANAUDOU,Swimming - Men's 50m Freestyle,257,3,X 1
8/02,China,WANG Zisai,Trampoline - Men,293,2,X 1
8/02,Tajikistan,Temur RAKHIMOV,Judo - Men +100 kg,181,3,X 1
8/02,France,Romain MAHIEU,Cycling BMX Racing - Men,115,3,X 1
8/02,Australia,Kaylee McKEOWN,Swimming - Women's 200m Backstroke,247,1,X 1
8/02,United States,Grant FISHER,Athletics - Men's 10,000m,28,3,X 1
8/02,Romania,Women's Team,Rowing - Lightweight Women's Double Sculls,197,2,X 2
8/02,Czechia,Mixed Team,Tennis - Mixed Doubles,292,1,X 2
8/02,Greece,Men's Team,Rowing - Lightweight Men's Double Sculls,198,3,X 2
8/02,Great Britain,Duncan SCOTT,Swimming - Men's 200m Individual Medley,269,2,X 1
8/02,United States,Open Team,Equestrian - Jumping Team,146,2,X 4
8/02,China,Mixed Team,Badminton - Mixed Doubles,74,1,X 2
8/02,China,YAN Langyu,Trampoline - Men,293,3,X 1
8/02,South Korea,KIM Hayun,Judo - Women +78 kg,174,3,X 1
8/02,Italy,Men's Team,Rowing - Lightweight Men's Double Sculls,198,2,X 2
8/02,Canada,Sophiane METHOT,Trampoline - Women,294,3,X 1
8/02,Romania,Women's Team,Rowing - Women's Pair,189,2,X 2
8/02,United States,Regan SMITH,Swimming - Women's 200m Backstroke,247,2,X 1
8/02,Germany,Mixed Team,Archery - Mixed Team,5,2,X 2
8/02,Great Britain,Men's Team,Rowing - Men's Pair,190,2,X 2
8/02,Greece,Women's Team,Rowing - Lightweight Women's Double Sculls,197,3,X 2
8/02,Mexico,Men's Team,Diving - Men's Synchronised 3m Springboard,140,2,X 2
8/02,Israel,Raz HERSHKO,Judo - Women +78 kg,174,2,X 1
8/02,China,Mixed Team,Tennis - Mixed Doubles,292,2,X 2
8/02,France,Joris DAUDET,Cycling BMX Racing - Men,115,1,X 1
8/02,New Zealand,Men's Team,Sailing - Men's Skiff,208,2,X 2
8/03,Great Britain,Open Team,Equestrian - Dressage Team,144,3,X 4
8/03,Hungary,Kristof MILAK,Swimming - Men's 100m Butterfly,267,1,X 1
8/03,Australia,Men's Team,Tennis - Men's Doubles,290,1,X 2
8/03,Australia,Mixed Team,Swimming - Mixed 4 x 100m Medley Relay,274,3,X 8
8/03,Brazil,Rebeca ANDRADE,Artistic Gymnastics - Women's Vault,15,2,X 1
8/03,United States,Katie LEDECKY,Swimming - Women's 800m Freestyle,244,1,X 1
8/03,United States,Vincent HANCOCK,Shooting - Skeet Men,220,1,X 1
8/03,United States,Mixed Team,Swimming - Mixed 4 x 100m Medley Relay,274,1,X 8
8/03,Canada,Summer McINTOSH,Swimming - Women's 200m Individual Medley,252,1,X 1
8/03,Canada,Ilya KHARUN,Swimming - Men's 100m Butterfly,267,3,X 1
8/03,Brazil,Mixed Team,Judo - Mixed Team,182,3,X 10
8/03,China,Women's Team,Badminton - Women's Doubles,73,2,X 2
8/03,Great Britain,Women's Team,Rowing - Women's Eight,201,3,X 9
8/03,Japan,Hina HAYATA,Table Tennis - Women's Singles,276,3,X 1
8/03,Germany,Leo NEUGEBAUER,Athletics - Men's Decathlon,41,2,X 1
8/03,Israel,Artem DOLGOPYAT,Artistic Gymnastics - Men's Floor Exercise,7,2,X 1
8/03,United States,Men's Team,Tennis - Men's Doubles,290,3,X 2
8/03,Individual Neutral Athletes,Yauheni ZALATY,Rowing - Men's Single Sculls,196,2,X 1
8/03,United States,Conner Lynn PRINCE,Shooting - Skeet Men,220,2,X 1
8/03,China,ZHENG Qinwen,Tennis - Women's Singles,289,1,X 1
8/03,South Korea,LIM Sihyeon,Archery - Women's Individual,2,1,X 1
8/03,Japan,Mixed Team,Judo - Mixed Team,182,2,X 14
8/03,Netherlands,Simon van DORP,Rowing - Men's Single Sculls,196,3,X 1
8/03,Ukraine,Women's Team,Fencing - Women's Sabre Team,156,1,X 4
8/03,Netherlands,Karolien FLORIJN,Rowing - Women's Single Sculls,195,1,X 1
8/03,Hungary,Veronika MAJOR,Shooting - 25m Pistol Women,224,3,X 1
8/03,Lithuania,Viktorija SENKUTE,Rowing - Women's Single Sculls,195,3,X 1
8/03,Australia,Grae MORRIS,Sailing - Men's Windsurfing,205,2,X 1
8/03,United States,Men's Team,Rowing - Men's Eight,202,3,X 9
8/03,Germany,Open Team,Equestrian - Dressage Team,144,1,X 4
8/03,France,Christophe LAPORTE,Cycling Road - Men's Road Race,118,3,X 1
8/03,China,CHEN Meng,Table Tennis - Women's Singles,276,1,X 1
8/03,Israel,Sharon KANTOR,Sailing - Women's Windsurfing,209,2,X 1
8/03,Kazakhstan,Nariman KURBANOV,Artistic Gymnastics - Men's Pommel Horse,8,2,X 1
8/03,United States,Jade CAREY,Artistic Gymnastics - Women's Vault,15,3,X 1
8/03,New Zealand,Emma TWIGG,Rowing - Women's Single Sculls,195,2,X 1
8/03,Croatia,Donna VEKIC,Tennis - Women's Singles,289,2,X 1
8/03,Great Britain,Men's Team,Rowing - Men's Eight,202,1,X 9
8/03,Chinese Taipei,WU Shih Yi,Boxing - Women's 60kg,91,3,X 1
8/03,United States,Simone BILES,Artistic Gymnastics - Women's Vault,15,1,X 1
8/03,France,Valentin MADOUAS,Cycling Road - Men's Road Race,118,2,X 1
8/03,Chinese Taipei,LEE Meng Yuan,Shooting - Skeet Men,220,3,X 1
8/03,Netherlands,Mixed Team,Athletics - 4 x 400m Relay Mixed,68,1,X 6
8/03,Germany,Oliver ZEIDLER,Rowing - Men's Single Sculls,196,1,X 1
8/03,Saint Lucia,Julien ALFRED,Athletics - Women's 100m,45,1,X 1
8/03,Jamaica,Rajindra CAMPBELL,Athletics - Men's Shot Put,37,3,X 1
8/03,China,Women's Team,Badminton - Women's Doubles,73,1,X 2
8/03,Philippines,Carlos Edriel YULO,Artistic Gymnastics - Men's Floor Exercise,7,1,X 1
8/03,United States,Men's Team,Tennis - Men's Doubles,290,2,X 2
8/03,United States,Melissa JEFFERSON,Athletics - Women's 100m,45,3,X 1
8/03,Grenada,Lindon VICTOR,Athletics - Men's Decathlon,41,3,X 1
8/03,France,Camille JEDRZEJEWSKI,Shooting - 25m Pistol Women,224,2,X 1
8/03,South Korea,Women's Team,Fencing - Women's Sabre Team,156,2,X 4
8/03,Israel,Tom REUVENY,Sailing - Men's Windsurfing,205,1,X 1
8/03,Romania,Women's Team,Rowing - Women's Eight,201,1,X 9
8/03,United States,Sha'carri RICHARDSON,Athletics - Women's 100m,45,2,X 1
8/03,Japan,Women's Team,Fencing - Women's Sabre Team,156,3,X 4
8/03,Brazil,Beatriz Iasmin SOARES FERREIRA,Boxing - Women's 60kg,91,3,X 1
8/03,Australia,Kaylee McKEOWN,Swimming - Women's 200m Individual Medley,252,3,X 1
8/03,China,SUN Yingsha,Table Tennis - Women's Singles,276,2,X 1
8/03,France,Mixed Team,Judo - Mixed Team,182,1,X 14
8/03,Canada,Josh LIENDO,Swimming - Men's 100m Butterfly,267,2,X 1
8/03,Australia,Ariarne TITMUS,Swimming - Women's 800m Freestyle,244,2,X 1
8/03,China,Mixed Team,Swimming - Mixed 4 x 100m Medley Relay,274,2,X 6
8/03,United States,Stephen NEDOROSCIK,Artistic Gymnastics - Men's Pommel Horse,8,3,X 1
8/03,Japan,Women's Team,Badminton - Women's Doubles,73,3,X 2
8/03,Netherlands,Men's Team,Rowing - Men's Eight,202,2,X 9
8/03,Great Britain,Jake JARMAN,Artistic Gymnastics - Men's Floor Exercise,7,3,X 1
8/03,Denmark,Open Team,Equestrian - Dressage Team,144,2,X 4
8/03,Canada,Women's Team,Rowing - Women's Eight,201,2,X 9
8/03,Dominica,Thea LAFOND,Athletics - Women's Triple Jump,59,1,X 1
8/03,France,Lisa BARBELIN,Archery - Women's Individual,2,3,X 1
8/03,Great Britain,Emma WILSON,Sailing - Women's Windsurfing,209,3,X 1
8/03,United States,Joe KOVACS,Athletics - Men's Shot Put,37,2,X 1
8/03,United States,Jasmine MOORE,Athletics - Women's Triple Jump,59,3,X 1
8/03,Netherlands,Luuc van OPZEELAND,Sailing - Men's Windsurfing,205,3,X 1
8/03,Belgium,Remco EVENEPOEL,Cycling Road - Men's Road Race,118,1,X 1
8/03,South Korea,Mixed Team,Judo - Mixed Team,182,3,X 11
8/03,Ireland,Rhys MC CLENAGHAN,Artistic Gymnastics - Men's Pommel Horse,8,1,X 1
8/03,United States,Mixed Team,Athletics - 4 x 400m Relay Mixed,68,2,X 6
8/03,Jamaica,Shanieka RICKETTS,Athletics - Women's Triple Jump,59,2,X 1
8/03,Norway,Markus ROOTH,Athletics - Men's Decathlon,41,1,X 1
8/03,South Korea,YANG Jiin,Shooting - 25m Pistol Women,224,1,X 1
8/03,United States,Ryan CROUSER,Athletics - Men's Shot Put,37,1,X 1
8/03,Italy,Lorenzo MUSETTI,Tennis - Men's Singles,288,3,X 1
8/03,Italy,Marta MAGGETTI,Sailing - Women's Windsurfing,209,1,X 1
8/03,South Korea,NAM Suhyeon,Archery - Women's Individual,2,2,X 1
8/03,United States,Kate DOUGLASS,Swimming - Women's 200m Individual Medley,252,2,X 1
8/03,United States,Paige MADDEN,Swimming - Women's 800m Freestyle,244,3,X 1
8/03,Great Britain,Mixed Team,Athletics - 4 x 400m Relay Mixed,68,3,X 9
8/04,Australia,Nicola OLYSLAGERS,Athletics - Women's High Jump,56,2,X 1
8/04,South Korea,IM Aeji,Boxing - Women's 54kg,89,3,X 1
8/04,Georgia,Lasha GURULI,Boxing - Men's 63.5kg,83,3,X 1
8/04,Ukraine,Mykhaylo KOKHAN,Athletics - Men's Hammer Throw,39,3,X 1
8/04,United States,Austen Jewell SMITH,Shooting - Skeet Women,226,3,X 1
8/04,China,Men's Team,Swimming - Men's 4 x 100m Medley Relay,273,1,X 5
8/04,Spain,Women's Team,Tennis - Women's Doubles,291,3,X 2
8/04,Italy,Gregorio PALTRINIERI,Swimming - Men's 1500m Freestyle,262,2,X 1
8/04,China,LIU Yang,Artistic Gymnastics - Men's Rings,9,1,X 1
8/04,Algeria,Kaylia NEMOUR,Artistic Gymnastics - Women's Uneven Bars,16,1,X 1
8/04,DPR Korea,PANG Cholmi,Boxing - Women's 54kg,89,3,X 1
8/04,China,Women's Team,Swimming - Women's 4 x 100m Medley Relay,256,3,X 7
8/04,Cabo Verde,David de PINA,Boxing - Men's 51kg,81,3,X 1
8/04,Germany,Isabell WERTH,Equestrian - Dressage Individual,145,2,X 1
8/04,China,QIU Qiyuan,Artistic Gymnastics - Women's Uneven Bars,16,2,X 1
8/04,United States,Brady ELLISON,Archery - Men's Individual,1,2,X 1
8/04,South Korea,LEE Wooseok,Archery - Men's Individual,1,3,X 1
8/04,Chile,Francisca CROVETTO CHADID,Shooting - Skeet Women,226,1,X 1
8/04,United States,Kristen FAULKNER,Cycling Road - Women's Road Race,119,1,X 1
8/04,Great Britain,Tommy FLEETWOOD,Golf - Men's Individual Stroke Play,162,2,X 1
8/04,Greece,Eleftherios PETROUNIAS,Artistic Gymnastics - Men's Rings,9,3,X 1
8/04,France,Men's Team,Swimming - Men's 4 x 100m Medley Relay,273,3,X 6
8/04,Canada,Wyatt SANFORD,Boxing - Men's 63.5kg,83,3,X 1
8/04,South Korea,KIM Woojin,Archery - Men's Individual,1,1,X 1
8/04,France,Men's Team,Fencing - Men's Foil Team,158,3,X 4
8/04,Tajikistan,Davlat BOLTAEV,Boxing - Men's 92kg,86,3,X 1
8/04,China,ZOU Jingyuan,Artistic Gymnastics - Men's Rings,9,2,X 1
8/04,Italy,Women's Team,Tennis - Women's Doubles,291,1,X 2
8/04,Philippines,Carlos Edriel YULO,Artistic Gymnastics - Men's Vault,10,1,X 1
8/04,Germany,Jessica von BREDOW-WERNDL,Equestrian - Dressage Individual,145,1,X 1
8/04,Dominican Republic,Yunior ALCANTARA REYES,Boxing - Men's 51kg,81,3,X 1
8/04,Australia,Meg HARRIS,Swimming - Women's 50m Freestyle,240,2,X 1
8/04,Great Britain,Charlotte FRY,Equestrian - Dressage Individual,145,3,X 1
8/04,Individual Neutral Athletes,Women's Team,Tennis - Women's Doubles,291,2,X 2
8/04,China,ZHANG Yufei,Swimming - Women's 50m Freestyle,240,3,X 1
8/04,Spain,Carlos ALCARAZ,Tennis - Men's Singles,288,2,X 1
8/04,Belgium,Lotte KOPECKY,Cycling Road - Women's Road Race,119,3,X 1
8/04,Chinese Taipei,Men's Team,Badminton - Men's Doubles,72,1,X 2
8/04,Australia,Women's Team,Swimming - Women's 4 x 100m Medley Relay,256,2,X 8
8/04,Spain,Enmanuel REYES PLA,Boxing - Men's 92kg,86,3,X 1
8/04,Italy,Men's Team,Fencing - Men's Foil Team,158,2,X 4
8/04,Serbia,Novak DJOKOVIC,Tennis - Men's Singles,288,1,X 1
8/04,Jamaica,Kishane THOMPSON,Athletics - Men's 100m,22,2,X 1
8/04,Dominican Republic,Cristian Javier PINALES,Boxing - Men's 80kg,85,3,X 1
8/04,Armenia,Artur DAVTYAN,Artistic Gymnastics - Men's Vault,10,2,X 1
8/04,Malaysia,Men's Team,Badminton - Men's Doubles,72,3,X 2
8/04,Indonesia,Gregoria Mariska TUNJUNG,Badminton - Women's Singles,71,3,X 1
8/04,Ireland,Daniel WIFFEN,Swimming - Men's 1500m Freestyle,262,3,X 1
8/04,United States,Noah LYLES,Athletics - Men's 100m,22,1,X 1
8/04,United States,Women's Team,Swimming - Women's 4 x 100m Medley Relay,256,1,X 8
8/04,Sweden,Sarah SJOESTROEM,Swimming - Women's 50m Freestyle,240,1,X 1
8/04,Great Britain,Harry HEPWORTH,Artistic Gymnastics - Men's Vault,10,3,X 1
8/04,Australia,Eleanor PATTERSON,Athletics - Women's High Jump,56,3,X 1
8/04,United States,Men's Team,Swimming - Men's 4 x 100m Medley Relay,273,2,X 7
8/04,United States,Bobby FINKE,Swimming - Men's 1500m Freestyle,262,1,X 1
8/04,Canada,Ethan KATZBERG,Athletics - Men's Hammer Throw,39,1,X 1
8/04,France,Felix LEBRUN,Table Tennis - Men's Singles,275,3,X 1
8/04,Ukraine,Iryna GERASHCHENKO,Athletics - Women's High Jump,56,3,X 1
8/04,United States,Fred KERLEY,Athletics - Men's 100m,22,3,X 1
8/04,Ukraine,Yaroslava MAHUCHIKH,Athletics - Women's High Jump,56,1,X 1
8/04,Japan,Men's Team,Fencing - Men's Foil Team,158,1,X 4
8/04,Cuba,Arlen LOPEZ CARDONA,Boxing - Men's 80kg,85,3,X 1
8/04,China,FAN Zhendong,Table Tennis - Men's Singles,275,1,X 1
8/04,Great Britain,Amber Jo RUTTER,Shooting - Skeet Women,226,2,X 1
8/04,Sweden,Truls MOREGARD,Table Tennis - Men's Singles,275,2,X 1
8/04,United States,Sunisa LEE,Artistic Gymnastics - Women's Uneven Bars,16,3,X 1
8/04,Hungary,Bence HALASZ,Athletics - Men's Hammer Throw,39,2,X 1
8/04,United States,Scottie SCHEFFLER,Golf - Men's Individual Stroke Play,162,1,X 1
8/04,Japan,MATSUYAMA Hideki,Golf - Men's Individual Stroke Play,162,3,X 1
8/04,China,Men's Team,Badminton - Men's Doubles,72,2,X 2
8/04,Netherlands,Marianne VOS,Cycling Road - Women's Road Race,119,2,X 1
8/05,Australia,Noemie FOX,Canoe Slalom - Women's Kayak Cross,101,1,X 1
8/05,Italy,Mixed Team,Shooting - Skeet Mixed Team,229,1,X 2
8/05,Brazil,Gabriel MEDINA,Surfing - Men,238,3,X 1
8/05,China,HE Bing Jiao,Badminton - Women's Singles,71,2,X 1
8/05,Brazil,Tatiana WESTON-WEBB,Surfing - Women,239,2,X 1
8/05,Japan,OKA Shinnosuke,Artistic Gymnastics - Men's Horizontal Bar,12,1,X 1
8/05,Great Britain,Women's Team,Cycling Track - Women's Team Sprint,128,1,X 4
8/05,Netherlands,Men's Team,Basketball 3x3 - Men,77,1,X 4
8/05,Great Britain,Keely HODGKINSON,Athletics - Women's 800m,48,1,X 1
8/05,United States,Women's Team,Basketball 3x3 - Women,78,3,X 4
8/05,United States,Simone BILES,Artistic Gymnastics - Women's Floor Exercise,18,2,X 1
8/05,Germany,Women's Team,Basketball 3x3 - Women,78,1,X 4
8/05,United States,Valarie ALLMAN,Athletics - Women's Discus Throw,61,1,X 1
8/05,Kenya,Faith KIPYEGON,Athletics - Women's 5000m,50,2,X 1
8/05,United States,Mixed Team,Triathlon - Mixed Relay,297,2,X 4
8/05,China,ZHANG Boheng,Artistic Gymnastics - Men's Horizontal Bar,12,3,X 1
8/05,Italy,Manila ESPOSITO,Artistic Gymnastics - Women's Balance Beam,17,3,X 1
8/05,Germany,Women's Team,Cycling Track - Women's Team Sprint,128,3,X 4
8/05,Kenya,Mary MORAA,Athletics - Women's 800m,48,3,X 1
8/05,Malaysia,Zii Jia LEE,Badminton - Men's Singles,70,3,X 1
8/05,Germany,Mixed Team,Triathlon - Mixed Relay,297,1,X 4
8/05,Great Britain,Mixed Team,Triathlon - Mixed Relay,297,3,X 4
8/05,South Korea,AN Se Young,Badminton - Women's Singles,71,1,X 1
8/05,Australia,Jack ROBINSON,Surfing - Men,238,2,X 1
8/05,Italy,Alice D'AMATO,Artistic Gymnastics - Women's Balance Beam,17,1,X 1
8/05,China,FENG Bin,Athletics - Women's Discus Throw,61,2,X 1
8/05,Spain,Women's Team,Basketball 3x3 - Women,78,2,X 4
8/05,Ethiopia,Tsige DUGUMA,Athletics - Women's 800m,48,2,X 1
8/05,Netherlands,Sifan HASSAN,Athletics - Women's 5000m,50,3,X 1
8/05,New Zealand,Women's Team,Cycling Track - Women's Team Sprint,128,2,X 4
8/05,China,LI Yuehong,Shooting - 25m Rapid Fire Pistol Men,218,1,X 1
8/05,Brazil,Rebeca ANDRADE,Artistic Gymnastics - Women's Floor Exercise,18,1,X 1
8/05,United States,Sam KENDRICKS,Athletics - Men's Pole Vault,34,2,X 1
8/05,Great Britain,Joseph CLARKE,Canoe Slalom - Men's Kayak Cross,100,2,X 1
8/05,Lithuania,Men's Team,Basketball 3x3 - Men,77,3,X 4
8/05,France,Johanne DEFAY,Surfing - Women,239,3,X 1
8/05,United States,Mixed Team,Shooting - Skeet Mixed Team,229,2,X 2
8/05,Croatia,Sandra ELKASEVIC,Athletics - Women's Discus Throw,61,3,X 1
8/05,Thailand,Kunlavut VITIDSARN,Badminton - Men's Singles,70,2,X 1
8/05,Germany,Noah HEGGE,Canoe Slalom - Men's Kayak Cross,100,3,X 1
8/05,Chinese Taipei,TANG Chia-Hung,Artistic Gymnastics - Men's Horizontal Bar,12,3,X 1
8/05,France,Men's Team,Basketball 3x3 - Men,77,2,X 4
8/05,Kenya,Beatrice CHEBET,Athletics - Women's 5000m,50,1,X 1
8/05,South Korea,CHO Yeongjae,Shooting - 25m Rapid Fire Pistol Men,218,2,X 1
8/05,Ukraine,Illia KOVTUN,Artistic Gymnastics - Men's Parallel Bars,11,2,X 1
8/05,France,Kauli VAAST,Surfing - Men,238,1,X 1
8/05,Romania,Ana BARBOSU,Artistic Gymnastics - Women's Floor Exercise,18,3,X 1
8/05,Great Britain,Kimberley WOODS,Canoe Slalom - Women's Kayak Cross,101,3,X 1
8/05,China,Mixed Team,Shooting - Skeet Mixed Team,229,3,X 2
8/05,Denmark,Viktor AXELSEN,Badminton - Men's Singles,70,1,X 1
8/05,China,ZHOU Yaqin,Artistic Gymnastics - Women's Balance Beam,17,2,X 1
8/05,Japan,OKA Shinnosuke,Artistic Gymnastics - Men's Parallel Bars,11,3,X 1
8/05,Greece,Emmanouil KARALIS,Athletics - Men's Pole Vault,34,3,X 1
8/05,Sweden,Armand DUPLANTIS,Athletics - Men's Pole Vault,34,1,X 1
8/05,China,ZOU Jingyuan,Artistic Gymnastics - Men's Parallel Bars,11,1,X 1
8/05,France,Angele HUG,Canoe Slalom - Women's Kayak Cross,101,2,X 1
8/05,United States,Caroline MARKS,Surfing - Women,239,1,X 1
8/05,New Zealand,Finn BUTCHER,Canoe Slalom - Men's Kayak Cross,100,1,X 1
8/05,China,WANG Xinjie,Shooting - 25m Rapid Fire Pistol Men,218,3,X 1
8/05,Colombia,Angel BARAJAS,Artistic Gymnastics - Men's Horizontal Bar,12,2,X 1
8/06,Turkey,Buse CAVUSOGLU TOSUN,Wrestling - Women's Freestyle 68kg,322,3,X 1
8/06,United States,Annette Nneka ECHIKUNWOKE,Athletics - Women's Hammer Throw,62,2,X 1
8/06,Japan,FUMITA Kenichiro,Wrestling - Men's Greco-Roman 60kg,312,1,X 1
8/06,Great Britain,Men's Team,Cycling Track - Men's Team Sprint,122,2,X 4
8/06,IR Iran,Amin MIRZAZADEH,Wrestling - Men's Greco-Roman 130kg,317,3,X 1
8/06,China,CHEN Yuxi,Diving - Women's 10m Platform,135,2,X 1
8/06,China,CAO Liguo,Wrestling - Men's Greco-Roman 60kg,312,2,X 1
8/06,DPR Korea,RI Se Ung,Wrestling - Men's Greco-Roman 60kg,312,3,X 1
8/06,Chile,Yasmani ACOSTA FERNANDEZ,Wrestling - Men's Greco-Roman 130kg,317,2,X 1
8/06,China,QUAN Hongchan,Diving - Women's 10m Platform,135,1,X 1
8/06,Kyrgyzstan,Zholaman SHARSHENBEKOV,Wrestling - Men's Greco-Roman 60kg,312,3,X 1
8/06,China,ZHAO Jie,Athletics - Women's Hammer Throw,62,3,X 1
8/06,Greece,Miltiadis TENTOGLOU,Athletics - Men's Long Jump,35,1,X 1
8/06,Great Britain,Lewis RICHARDSON,Boxing - Men's 71kg,84,3,X 1
8/06,Kazakhstan,Nazym KYZAIBAY,Boxing - Women's 50kg,88,3,X 1
8/06,United States,Yared NUGUSE,Athletics - Men's 1500m,26,3,X 1
8/06,Great Britain,Sky BROWN,Skateboarding - Women's Park,232,3,X 1
8/06,United States,Cole HOCKER,Athletics - Men's 1500m,26,1,X 1
8/06,Bahrain,Winfred YAVI,Athletics - Women's 3000m Steeplechase,53,1,X 1
8/06,Canada,Camryn ROGERS,Athletics - Women's Hammer Throw,62,1,X 1
8/06,Australia,Men's Team,Cycling Track - Men's Team Sprint,122,3,X 4
8/06,Kenya,Faith CHEROTICH,Athletics - Women's 3000m Steeplechase,53,3,X 1
8/06,United States,Gabrielle THOMAS,Athletics - Women's 200m,46,1,X 1
8/06,Japan,HIRAKI Cocona,Skateboarding - Women's Park,232,2,X 1
8/06,Italy,Mattia FURLANI,Athletics - Men's Long Jump,35,3,X 1
8/06,United States,Amit ELOR,Wrestling - Women's Freestyle 68kg,322,1,X 1
8/06,Thailand,Janjaem SUWANNAPHENG,Boxing - Women's 66kg,92,3,X 1
8/06,Great Britain,Josh KERR,Athletics - Men's 1500m,26,2,X 1
8/06,Japan,OZAKI Nonoka,Wrestling - Women's Freestyle 68kg,322,3,X 1
8/06,Netherlands,Men's Team,Cycling Track - Men's Team Sprint,122,1,X 4
8/06,China,MENG Lingzhe,Wrestling - Men's Greco-Roman 130kg,317,3,X 1
8/06,Cuba,Mijain LOPEZ NUNEZ,Wrestling - Men's Greco-Roman 130kg,317,1,X 1
8/06,Philippines,Aira VILLEGAS,Boxing - Women's 50kg,88,3,X 1
8/06,Saint Lucia,Julien ALFRED,Athletics - Women's 200m,46,2,X 1
8/06,Chinese Taipei,CHEN Nien Chin,Boxing - Women's 66kg,92,3,X 1
8/06,United States,Omari JONES,Boxing - Men's 71kg,84,3,X 1
8/06,Netherlands,Maikel van der VLEUTEN,Equestrian - Jumping Individual,147,3,X 1
8/06,Kyrgyzstan,Meerim ZHUMANAZAROVA,Wrestling - Women's Freestyle 68kg,322,2,X 1
8/06,Germany,Christian KUKUK,Equestrian - Jumping Individual,147,1,X 1
8/06,United States,Brittany BROWN,Athletics - Women's 200m,46,3,X 1
8/06,Switzerland,Steve GUERDAT,Equestrian - Jumping Individual,147,2,X 1
8/06,Australia,Arisa TREW,Skateboarding - Women's Park,232,1,X 1
8/06,Jamaica,Wayne PINNOCK,Athletics - Men's Long Jump,35,2,X 1
8/06,China,YANG Wenlu,Boxing - Women's 60kg,91,2,X 1
8/06,Ireland,Kellie HARRINGTON,Boxing - Women's 60kg,91,1,X 1
8/06,Uganda,Peruth CHEMUTAI,Athletics - Women's 3000m Steeplechase,53,2,X 1
8/06,DPR Korea,KIM Mi Rae,Diving - Women's 10m Platform,135,3,X 1
8/07,United States,Kenneth ROOKS,Athletics - Men's 3000m Steeplechase,30,2,X 1
8/07,France,Cyrian RAVET,Taekwondo - Men -58kg,280,3,X 1
8/07,China,DENG Lijuan,Sport Climbing - Women's Speed,235,2,X 1
8/07,Armenia,Artur ALEKSANYAN,Wrestling - Men's Greco-Roman 97kg,316,2,X 1
8/07,Kazakhstan,Nurbek ORALBAY,Boxing - Men's 80kg,85,2,X 1
8/07,Australia,Nina KENNEDY,Athletics - Women's Pole Vault,57,1,X 1
8/07,Australia,Matt WEARN,Sailing - Men's Dinghy,207,1,X 1
8/07,Philippines,Nesthy PETECIO,Boxing - Women's 57kg,90,3,X 1
8/07,Turkey,Esra YILDIZ KAHRAMAN,Boxing - Women's 57kg,90,3,X 1
8/07,South Korea,PARK Taejoon,Taekwondo - Men -58kg,280,1,X 1
8/07,Jamaica,Roje STONA,Athletics - Men's Discus Throw,38,1,X 1
8/07,Australia,Matthew DENNY,Athletics - Men's Discus Throw,38,3,X 1
8/07,United States,Quincy HALL,Athletics - Men's 400m,24,1,X 1
8/07,China,Open Team,Artistic Swimming - Team,21,1,X 9
8/07,Kyrgyzstan,Akzhol MAKHMUDOV,Wrestling - Men's Greco-Roman 77kg,314,3,X 1
8/07,Great Britain,Matthew HUDSON-SMITH,Athletics - Men's 400m,24,2,X 1
8/07,United States,Katie MOON,Athletics - Women's Pole Vault,57,2,X 1
8/07,Cuba,Gabriel Alejandro ROSILLO KINDELAN,Wrestling - Men's Greco-Roman 97kg,316,3,X 1
8/07,Australia,Men's Team,Cycling Track - Men's Team Pursuit,125,1,X 5
8/07,Italy,Men's Team,Cycling Track - Men's Team Pursuit,125,3,X 5
8/07,Cuba,Yusneylis GUZMAN LOPEZ,Wrestling - Women's Freestyle 50kg,318,2,X 1
8/07,New Zealand,Women's Team,Cycling Track - Women's Team Pursuit,131,2,X 5
8/07,Japan,KUSAKA Nao,Wrestling - Men's Greco-Roman 77kg,314,1,X 1
8/07,Thailand,Theerapong SILACHAI,Weightlifting - Men's 61kg,307,2,X 1
8/07,Spain,Mixed Team,Athletics - Marathon Race Walk Relay Mixed,330,1,X 2
8/07,Morocco,Soufiane EL BAKKALI,Athletics - Men's 3000m Steeplechase,30,1,X 1
8/07,Cuba,Erislandy ALVAREZ BORGES,Boxing - Men's 63.5kg,83,1,X 1
8/07,Romania,Mihaela Valentina CAMBEI,Weightlifting - Women's 49kg,302,2,X 1
8/07,United States,Women's Team,Cycling Track - Women's Team Pursuit,131,1,X 6
8/07,Japan,SUSAKI Yui,Wrestling - Women's Freestyle 50kg,318,3,X 1
8/07,Spain,Open Team,Artistic Swimming - Team,21,3,X 9
8/07,Kyrgyzstan,Uzur DZHUZUPBEKOV,Wrestling - Men's Greco-Roman 97kg,316,3,X 1
8/07,Thailand,Panipak WONGPATTANAKIT,Taekwondo - Women -49kg,284,1,X 1
8/07,China,HOU Zhihui,Weightlifting - Women's 49kg,302,1,X 1
8/07,United States,Hampton MORRIS,Weightlifting - Men's 61kg,307,3,X 1
8/07,United States,Open Team,Artistic Swimming - Team,21,2,X 9
8/07,Azerbaijan,Gashim MAGOMEDOV,Taekwondo - Men -58kg,280,2,X 1
8/07,Canada,Alysha NEWMAN,Athletics - Women's Pole Vault,57,3,X 1
8/07,Denmark,Anne-Marie RINDOM,Sailing - Women's Dinghy,211,2,X 1
8/07,Tunisia,Mohamed Khalil JENDOUBI,Taekwondo - Men -58kg,280,3,X 1
8/07,Brazil,Augusto AKIO,Skateboarding - Men's Park,233,3,X 1
8/07,IR Iran,Mobina NEMATZADEH,Taekwondo - Women -49kg,284,3,X 1
8/07,Lithuania,Mykolas ALEKNA,Athletics - Men's Discus Throw,38,2,X 1
8/07,IR Iran,Mohammadhadi SARAVI,Wrestling - Men's Greco-Roman 97kg,316,1,X 1
8/07,France,Djamili-Dini ABOUDOU MOINDZE,Boxing - Men's +92kg,87,3,X 1
8/07,China,LI Fabin,Weightlifting - Men's 61kg,307,1,X 1
8/07,Peru,Stefano PESCHIERA,Sailing - Men's Dinghy,207,3,X 1
8/07,Australia,Mixed Team,Athletics - Marathon Race Walk Relay Mixed,330,3,X 2
8/07,Ecuador,Mixed Team,Athletics - Marathon Race Walk Relay Mixed,330,2,X 2
8/07,Cyprus,Pavlos KONTIDES,Sailing - Men's Dinghy,207,2,X 1
8/07,Poland,Aleksandra KALUCKA,Sport Climbing - Women's Speed,235,3,X 1
8/07,Poland,Aleksandra MIROSLAW,Sport Climbing - Women's Speed,235,1,X 1
8/07,France,Sofiane OUMIHA,Boxing - Men's 63.5kg,83,2,X 1
8/07,United States,Sarah Ann HILDEBRANDT,Wrestling - Women's Freestyle 50kg,318,1,X 1
8/07,Kenya,Abraham KIBIWOT,Athletics - Men's 3000m Steeplechase,30,3,X 1
8/07,China,FENG Ziqi,Wrestling - Women's Freestyle 50kg,318,3,X 1
8/07,Thailand,Surodchana KHAMBAO,Weightlifting - Women's 49kg,302,3,X 1
8/07,Croatia,Lena STOJKOVIC,Taekwondo - Women -49kg,284,3,X 1
8/07,Kazakhstan,Demeu ZHADRAYEV,Wrestling - Men's Greco-Roman 77kg,314,2,X 1
8/07,Great Britain,Women's Team,Cycling Track - Women's Team Pursuit,131,3,X 6
8/07,United States,Tom SCHAAR,Skateboarding - Men's Park,233,2,X 1
8/07,Ukraine,Oleksandr KHYZHNIAK,Boxing - Men's 80kg,85,1,X 1
8/07,Norway,Line Flem HOEST,Sailing - Women's Dinghy,211,3,X 1
8/07,China,GUO Qing,Taekwondo - Women -49kg,284,2,X 1
8/07,Netherlands,Marit BOUWMEESTER,Sailing - Women's Dinghy,211,1,X 1
8/07,Armenia,Malkhas AMOYAN,Wrestling - Men's Greco-Roman 77kg,314,3,X 1
8/07,Australia,Keegan PALMER,Skateboarding - Men's Park,233,1,X 1
8/07,Germany,Nelvie Raman TIAFACK,Boxing - Men's +92kg,87,3,X 1
8/07,Zambia,Muzala SAMUKONGA,Athletics - Men's 400m,24,3,X 1
8/07,Great Britain,Men's Team,Cycling Track - Men's Team Pursuit,125,2,X 6
8/08,China,LIANG Yushuai,Taekwondo - Men -68kg,281,3,X 1
8/08,Ecuador,Lucia Yamileth YEPEZ GUZMAN,Wrestling - Women's Freestyle 53kg,319,2,X 1
8/08,United States,Sam WATSON,Sport Climbing - Men's Speed,237,3,X 1
8/08,Ukraine,Zhan BELENIUK,Wrestling - Men's Greco-Roman 87kg,315,3,X 1
8/08,South Korea,KIM Yujin,Taekwondo - Women -57kg,285,1,X 1
8/08,Portugal,Iuri LEITAO,Cycling Track - Men's Omnium,126,2,X 1
8/08,New Zealand,Mixed Team,Sailing - Mixed Multihull,214,3,X 2
8/08,Thailand,Weeraphon WICHUMA,Weightlifting - Men's 73kg,308,2,X 1
8/08,Spain,Men's Team,Canoe Sprint - Men's Kayak Four 500m,104,3,X 4
8/08,Refugee Olympic Team,Cindy Winner DJANKEU NGAMBA,Boxing - Women's 75kg,93,3,X 1
8/08,United States,Kenneth BEDNAREK,Athletics - Men's 200m,23,2,X 1
8/08,Azerbaijan,Hasrat JAFAROV,Wrestling - Men's Greco-Roman 67kg,313,3,X 1
8/08,France,Lauriane NOLOT,Sailing - Women's Kite,210,2,X 1
8/08,France,Billal BENNAMA,Boxing - Men's 51kg,81,2,X 1
8/08,China,XIE Siyi,Diving - Men's 3m Springboard,138,1,X 1
8/08,Canada,Maude CHARRON,Weightlifting - Women's 59kg,303,2,X 1
8/08,Spain,Men's Team,Canoe Sprint - Men's Canoe Double 500m,106,3,X 2
8/08,Brazil,Edival PONTES,Taekwondo - Men -68kg,281,3,X 1
8/08,Netherlands,Men's Team,Hockey - Men,166,1,X 18
8/08,Turkey,Hatice AKBAS,Boxing - Women's 54kg,89,2,X 1
8/08,United States,Sydney McLAUGHLIN-LEVRONE,Athletics - Women's 400m Hurdles,55,1,X 1
8/08,Jordan,Zaid KAREEM,Taekwondo - Men -68kg,281,2,X 1
8/08,Pakistan,Arshad NADEEM,Athletics - Men's Javelin Throw,40,1,X 1
8/08,Italy,Men's Team,Canoe Sprint - Men's Canoe Double 500m,106,2,X 2
8/08,Ukraine,Parviz NASIBOV,Wrestling - Men's Greco-Roman 67kg,313,2,X 1
8/08,Great Britain,Eleanor ALDRIDGE,Sailing - Women's Kite,210,1,X 1
8/08,India,Neeraj CHOPRA,Athletics - Men's Javelin Throw,40,2,X 1
8/08,Netherlands,Annelous LAMMERTS,Sailing - Women's Kite,210,3,X 1
8/08,Australia,Charlie SENIOR,Boxing - Men's 57kg,82,3,X 1
8/08,IR Iran,Nahid KIYANICHANDEH,Taekwondo - Women -57kg,285,2,X 1
8/08,Bulgaria,Semen Sergeevich NOVIKOV,Wrestling - Men's Greco-Roman 87kg,315,1,X 1
8/08,Bulgaria,Javier IBANEZ DIAZ,Boxing - Men's 57kg,82,3,X 1
8/08,Jamaica,Rasheed BROADBELL,Athletics - Men's 110m Hurdles,31,3,X 1
8/08,Austria,Mixed Team,Sailing - Mixed Dinghy,213,1,X 2
8/08,China,WU Peng,Sport Climbing - Men's Speed,237,2,X 1
8/08,United States,Daniel ROBERTS,Athletics - Men's 110m Hurdles,31,2,X 1
8/08,IR Iran,Saeid ESMAEILI LEIVESI,Wrestling - Men's Greco-Roman 67kg,313,1,X 1
8/08,Bulgaria,Alizadeh KIMIA,Taekwondo - Women -57kg,285,3,X 1
8/08,Netherlands,Sharon van ROUWENDAAL,Marathon Swimming - Women's 10km,183,1,X 1
8/08,Uzbekistan,Ulugbek RASHITOV,Taekwondo - Men -68kg,281,1,X 1
8/08,United States,Grant HOLLOWAY,Athletics - Men's 110m Hurdles,31,1,X 1
8/08,Australia,Moesha JOHNSON,Marathon Swimming - Women's 10km,183,2,X 1
8/08,Hungary,Women's Team,Canoe Sprint - Women's Kayak Four 500m,109,3,X 4
8/08,United States,Jasmine MOORE,Athletics - Women's Long Jump,58,3,X 1
8/08,Germany,Men's Team,Canoe Sprint - Men's Kayak Four 500m,104,1,X 4
8/08,Morocco,Men's Team,Football - Men,160,3,X 19
8/08,Canada,Skylar PARK,Taekwondo - Women -57kg,285,3,X 1
8/08,Argentina,Mixed Team,Sailing - Mixed Multihull,214,2,X 2
8/08,Sweden,Mixed Team,Sailing - Mixed Dinghy,213,3,X 2
8/08,Germany,Malaika MIHAMBO,Athletics - Women's Long Jump,58,2,X 1
8/08,Germany,Men's Team,Hockey - Men,166,2,X 18
8/08,Denmark,Turpal Ali BISULTANOV,Wrestling - Men's Greco-Roman 87kg,315,3,X 1
8/08,China,PANG Qianyu,Wrestling - Women's Freestyle 53kg,319,3,X 1
8/08,Italy,Mixed Team,Sailing - Mixed Multihull,214,1,X 2
8/08,Germany,Women's Team,Canoe Sprint - Women's Kayak Four 500m,109,2,X 4
8/08,Australia,Men's Team,Canoe Sprint - Men's Kayak Four 500m,104,2,X 4
8/08,Belgium,Fabio van den BOSSCHE,Cycling Track - Men's Omnium,126,3,X 1
8/08,United States,Tara DAVIS-WOODHALL,Athletics - Women's Long Jump,58,1,X 1
8/08,China,CHANG Yuan,Boxing - Women's 54kg,89,1,X 1
8/08,China,LUO Shifang,Weightlifting - Women's 59kg,303,1,X 1
8/08,Italy,Ginevra TADDEUCCI,Marathon Swimming - Women's 10km,183,3,X 1
8/08,New Zealand,Ellesse ANDREWS,Cycling Track - Women's Keirin,130,1,X 1
8/08,France,Benjamin THOMAS,Cycling Track - Men's Omnium,126,1,X 1
8/08,Great Britain,Emma FINUCANE,Cycling Track - Women's Keirin,130,3,X 1
8/08,Mexico,Osmar OLVERA IBARRA,Diving - Men's 3m Springboard,138,3,X 1
8/08,Botswana,Letsile TEBOGO,Athletics - Men's 200m,23,1,X 1
8/08,DPR Korea,CHOE Hyo Gyong,Wrestling - Women's Freestyle 53kg,319,3,X 1
8/08,China,Men's Team,Canoe Sprint - Men's Canoe Double 500m,106,1,X 2
8/08,Australia,Caitlin PARKER,Boxing - Women's 75kg,93,3,X 1
8/08,United States,Noah LYLES,Athletics - Men's 200m,23,3,X 1
8/08,China,WANG Zongyuan,Diving - Men's 3m Springboard,138,2,X 1
8/08,United States,Anna COCKRELL,Athletics - Women's 400m Hurdles,55,2,X 1
8/08,Netherlands,Hetty van de WOUW,Cycling Track - Women's Keirin,130,2,X 1
8/08,Uzbekistan,Hasanboy DUSMATOV,Boxing - Men's 51kg,81,1,X 1
8/08,Bulgaria,Bozhidar Dimitrov ANDREEV,Weightlifting - Men's 73kg,308,3,X 1
8/08,Indonesia,Veddriq LEONARDO,Sport Climbing - Men's Speed,237,1,X 1
8/08,Netherlands,Femke BOL,Athletics - Women's 400m Hurdles,55,3,X 1
8/08,IR Iran,Alireza MOHMADIPIANI,Wrestling - Men's Greco-Roman 87kg,315,2,X 1
8/08,India,Men's Team,Hockey - Men,166,3,X 16
8/08,Indonesia,Rizki JUNIANSYAH,Weightlifting - Men's 73kg,308,1,X 1
8/08,Chinese Taipei,KUO Hsing-Chun,Weightlifting - Women's 59kg,303,3,X 1
8/08,Cuba,Luis Alberto ORTA SANCHEZ,Wrestling - Men's Greco-Roman 67kg,313,3,X 1
8/08,Japan,Mixed Team,Sailing - Mixed Dinghy,213,2,X 2
8/08,New Zealand,Women's Team,Canoe Sprint - Women's Kayak Four 500m,109,1,X 4
8/08,Japan,FUJINAMI Akari,Wrestling - Women's Freestyle 53kg,319,1,X 1
8/08,Grenada,Anderson PETERS,Athletics - Men's Javelin Throw,40,3,X 1
8/09,Bahrain,Salwa Eid NASER,Athletics - Women's 400m,47,2,X 1
8/09,China,CHANG Yani,Diving - Women's 3m Springboard,134,3,X 1
8/09,United States,Olivia REEVES,Weightlifting - Women's 71kg,304,1,X 1
8/09,Spain,Men's Team,Football - Men,160,1,X 22
8/09,Great Britain,Katarina JOHNSON-THOMPSON,Athletics - Women's Heptathlon,64,2,X 1
8/09,China,Women's Team,Hockey - Women,167,2,X 17
8/09,Canada,Women's Team,Canoe Sprint - Women's Canoe Double 500m,111,3,X 2
8/09,Italy,Andy DIAZ HERNANDEZ,Athletics - Men's Triple Jump,36,3,X 1
8/09,China,YANG Liu,Boxing - Women's 66kg,92,2,X 1
8/09,Germany,Men's Team,Canoe Sprint - Men's Kayak Double 500m,103,1,X 2
8/09,Hungary,David BETLEHEM,Marathon Swimming - Men's 10km,184,3,X 1
8/09,Great Britain,Jack CARLIN,Cycling Track - Men's Sprint,123,3,X 1
8/09,Greece,Dauren KURUGLIEV,Wrestling - Men's Freestyle 86kg,327,3,X 1
8/09,Azerbaijan,Loren Berto ALFONSO DOMINGUEZ,Boxing - Men's 92kg,86,2,X 1
8/09,United States,Kristina TEACHOUT,Taekwondo - Women -67kg,286,3,X 1
8/09,Czechia,Martin FUKSA,Canoe Sprint - Men's Canoe Single 1000m,105,1,X 1
8/09,Hungary,Viviana MARTON,Taekwondo - Women -67kg,286,1,X 1
8/09,Republic of Moldova,Serghei TARNOVSCHI,Canoe Sprint - Men's Canoe Single 1000m,105,3,X 1
8/09,Lithuania,NICKA,Breaking - B-Girls,95,2,X 1
8/09,China,Women's Team,Canoe Sprint - Women's Canoe Double 500m,111,1,X 2
8/09,Mexico,Marco Alonso VERDE ALVAREZ,Boxing - Men's 71kg,84,2,X 1
8/09,IR Iran,Mehran BARKHORDARI,Taekwondo - Men -80kg,282,2,X 1
8/09,Brazil,Alison dos SANTOS,Athletics - Men's 400m Hurdles,32,3,X 1
8/09,France,Men's Team,Table Tennis - Men's Team,278,3,X 3
8/09,Ecuador,Angie Paola PALACIOS DAJOMES,Weightlifting - Women's 71kg,304,3,X 1
8/09,United States,Men's Team,Volleyball - Men,298,3,X 13
8/09,New Zealand,Women's Team,Canoe Sprint - Women's Kayak Double 500m,108,1,X 2
8/09,Netherlands,Women's Team,Hockey - Women,167,1,X 17
8/09,Italy,Antonino PIZZOLATO,Weightlifting - Men's 89kg,309,3,X 1
8/09,Colombia,Yeison LOPEZ,Weightlifting - Men's 89kg,309,2,X 1
8/09,United States,Aaron Marquel BROOKS,Wrestling - Men's Freestyle 86kg,327,3,X 1
8/09,Italy,Sofia RAFFAELI,Rhythmic Gymnastics - Individual All-Around,187,3,X 1
8/09,Japan,SAKURAI Tsugumi,Wrestling - Women's Freestyle 57kg,320,1,X 1
8/09,Canada,Women's Team,Beach Volleyball - Women,80,2,X 2
8/09,United States,Rai BENJAMIN,Athletics - Men's 400m Hurdles,32,1,X 1
8/09,China,671,Breaking - B-Girls,95,3,X 1
8/09,Hungary,Women's Team,Canoe Sprint - Women's Kayak Double 500m,108,2,X 2
8/09,Bulgaria,Magomed Eldarovitch RAMAZANOV,Wrestling - Men's Freestyle 86kg,327,1,X 1
8/09,United States,Spencer Richard LEE,Wrestling - Men's Freestyle 57kg,324,2,X 1
8/09,Canada,Men's Team,Athletics - Men's 4 x 100m Relay,43,1,X 6
8/09,United States,Helen Louise MAROULIS,Wrestling - Women's Freestyle 57kg,320,3,X 1
8/09,Great Britain,Men's Team,Athletics - Men's 4 x 100m Relay,43,3,X 5
8/09,Netherlands,Harrie LAVREYSEN,Cycling Track - Men's Sprint,123,1,X 1
8/09,Germany,Oliver KLEMET,Marathon Swimming - Men's 10km,184,2,X 1
8/09,France,Men's Team,Football - Men,160,2,X 21
8/09,Uzbekistan,Lazizbek MULLOJONOV,Boxing - Men's 92kg,86,1,X 1
8/09,Japan,HIGUCHI Rei,Wrestling - Men's Freestyle 57kg,324,1,X 1
8/09,Norway,Karsten WARHOLM,Athletics - Men's 400m Hurdles,32,2,X 1
8/09,Great Britain,Women's Team,Athletics - Women's 4 x 100m Relay,66,2,X 6
8/09,Australia,Men's Team,Canoe Sprint - Men's Kayak Double 500m,103,3,X 2
8/09,Italy,Women's Team,Cycling Track - Women's Madison,133,1,X 2
8/09,Germany,Women's Team,Canoe Sprint - Women's Kayak Double 500m,108,3,X 2
8/09,Italy,Simone ALESSIO,Taekwondo - Men -80kg,282,3,X 1
8/09,Tunisia,Firas KATOUSSI,Taekwondo - Men -80kg,282,1,X 1
8/09,IR Iran,Hassan YAZDANICHARATI,Wrestling - Men's Freestyle 86kg,327,2,X 1
8/09,Germany,Women's Team,Athletics - Women's 4 x 100m Relay,66,3,X 5
8/09,Dominican Republic,Marileidy PAULINO,Athletics - Women's 400m,47,1,X 1
8/09,Bulgaria,Karlos May NASAR,Weightlifting - Men's 89kg,309,1,X 1
8/09,China,Men's Team,Table Tennis - Men's Team,278,1,X 3
8/09,Colombia,Mari Leivis SANCHEZ,Weightlifting - Women's 71kg,304,2,X 1
8/09,Netherlands,Sifan HASSAN,Athletics - Women's 10,000m,51,3,X 1
8/09,Sweden,Men's Team,Table Tennis - Men's Team,278,2,X 3
8/09,Argentina,Women's Team,Hockey - Women,167,3,X 16
8/09,Belgium,Noor VIDTS,Athletics - Women's Heptathlon,64,3,X 1
8/09,Algeria,Imane KHELIF,Boxing - Women's 66kg,92,1,X 1
8/09,Republic of Moldova,Anastasia NICHITA,Wrestling - Women's Freestyle 57kg,320,2,X 1
8/09,China,CHEN Yiwen,Diving - Women's 3m Springboard,134,1,X 1
8/09,China,WU Yu,Boxing - Women's 50kg,88,1,X 1
8/09,Australia,Maddison KEENEY,Diving - Women's 3m Springboard,134,2,X 1
8/09,Spain,Jordan Alejandro DIAZ FORTUN,Athletics - Men's Triple Jump,36,1,X 1
8/09,Portugal,Pedro PICHARDO,Athletics - Men's Triple Jump,36,2,X 1
8/09,Brazil,Isaquias QUEIROZ,Canoe Sprint - Men's Canoe Single 1000m,105,2,X 1
8/09,Kenya,Beatrice CHEBET,Trampoline - Women,294,1,X 1
8/09,Italy,Nadia BATTOCLETTI,Athletics - Women's 10,000m,51,2,X 1
8/09,Hungary,Women's Team,Canoe Sprint - Women's Kayak Double 500m,108,3,X 2
8/09,Brazil,Women's Team,Beach Volleyball - Women,80,1,X 2
8/09,Slovenia,Toni VODISEK,Sailing - Men's Kite,206,2,X 1
8/09,Germany,Women's Team,Football - Women,161,3,X 20
8/09,Belgium,Nafissatou THIAM,Athletics - Women's Heptathlon,64,1,X 1
8/09,Austria,Valentin BONTUS,Sailing - Men's Kite,206,1,X 1
8/09,Denmark,Edi HRNIC,Taekwondo - Men -80kg,282,3,X 1
8/09,Belgium,Sarah CHAARI,Taekwondo - Women -67kg,286,3,X 1
8/09,Great Britain,Women's Team,Cycling Track - Women's Madison,133,2,X 2
8/09,China,HONG Kexin,Wrestling - Women's Freestyle 57kg,320,3,X 1
8/09,Germany,Yemisi OGUNLEYE,Athletics - Women's Shot Put,60,1,X 1
8/09,Australia,Matthew RICHARDSON,Cycling Track - Men's Sprint,123,2,X 1
8/09,Turkey,Buse Naz CAKIROGLU,Boxing - Women's 50kg,88,2,X 1
8/09,United States,Women's Team,Athletics - Women's 4 x 100m Relay,66,1,X 6
8/09,Ukraine,Women's Team,Canoe Sprint - Women's Canoe Double 500m,111,2,X 2
8/09,Austria,Jakob SCHUBERT,Sport Climbing - Men's Boulder & Lead,236,3,X 1
8/09,New Zealand,Maddison-Lee WESCHE,Athletics - Women's Shot Put,60,2,X 1
8/09,Japan,ANRAKU Sorato,Sport Climbing - Men's Boulder & Lead,236,2,X 1
8/09,Germany,Darja VARFOLOMEEV,Rhythmic Gymnastics - Individual All-Around,187,1,X 1
8/09,Japan,AMI,Breaking - B-Girls,95,1,X 1
8/09,Serbia,Aleksandra PERISIC,Taekwondo - Women -67kg,286,2,X 1
8/09,Great Britain,Toby ROBERTS,Sport Climbing - Men's Boulder & Lead,236,1,X 1
8/09,Poland,Natalia KACZMAREK,Athletics - Women's 400m,47,3,X 1
8/09,Hungary,Kristof RASOVSZKY,Marathon Swimming - Men's 10km,184,1,X 1
8/09,Switzerland,Women's Team,Beach Volleyball - Women,80,3,X 2
8/09,Bulgaria,Boryana KALEYN,Rhythmic Gymnastics - Individual All-Around,187,2,X 1
8/09,Netherlands,Women's Team,Cycling Track - Women's Madison,133,3,X 2
8/09,China,SONG Jiayuan,Athletics - Women's Shot Put,60,3,X 1
8/09,Uzbekistan,Asadkhuja MUYDINKHUJAEV,Boxing - Men's 71kg,84,1,X 1
8/09,Singapore,Maximilian MAEDER,Sailing - Men's Kite,206,3,X 1
8/09,South Africa,Men's Team,Athletics - Men's 4 x 100m Relay,43,2,X 5
8/09,India,Aman AMAN,Wrestling - Men's Freestyle 57kg,324,3,X 1
8/09,Uzbekistan,Gulomjon ABDULLAEV,Wrestling - Men's Freestyle 57kg,324,3,X 1
8/09,Hungary,Men's Team,Canoe Sprint - Men's Kayak Double 500m,103,2,X 2
8/10,China,LI Qian,Boxing - Women's 75kg,93,1,X 1
8/10,IR Iran,Amir Hossein ZARE,Wrestling - Men's Freestyle 125kg,329,2,X 1
8/10,Sweden,Men's Team,Beach Volleyball - Men,79,1,X 2
8/10,IR Iran,Arian SALIMI,Taekwondo - Men +80kg,283,1,X 1
8/10,United States,Kyle Douglas DAKE,Wrestling - Men's Freestyle 74kg,326,3,X 1
8/10,China,Women's Team,Rhythmic Gymnastics - Group All-Around,188,1,X 5
8/10,Uzbekistan,Svetlana OSIPOVA,Taekwondo - Women +67kg,287,2,X 1
8/10,United States,Women's Team,Football - Women,161,1,X 20
8/10,Brazil,Women's Team,Football - Women,161,2,X 22
8/10,Serbia,Men's Team,Basketball - Men,75,3,X 12
8/10,Kenya,Benson KIPRUTO,Athletics - Men's Marathon,29,3,X 1
8/10,Individual Neutral Athletes,Yauheni TSIKHANTSOU,Weightlifting - Men's 102kg,310,3,X 1
8/10,Norway,Jakob INGEBRIGTSEN,Athletics - Men's 5000m,27,1,X 1
8/10,Ethiopia,Tamirat TOLA,Athletics - Men's Marathon,29,1,X 1
8/10,Uzbekistan,Bakhodir JALOLOV,Boxing - Men's +92kg,87,1,X 1
8/10,Germany,Esther HENSELEIT,Golf - Women's Individual Stroke Play,163,2,X 1
8/10,Canada,Marco AROP,Athletics - Men's 800m,25,2,X 1
8/10,France,Cyrena SAMBA-MAYELA,Athletics - Women's 100m Hurdles,54,2,X 1
8/10,Denmark,Emma Aastrand JORGENSEN,Canoe Sprint - Women's Kayak Single 500m,107,3,X 1
8/10,China,Women's Team,Table Tennis - Women's Team,279,1,X 3
8/10,Brazil,Women's Team,Volleyball - Women,299,3,X 13
8/10,Poland,Julia SZEREMETA,Boxing - Women's 57kg,90,2,X 1
8/10,Belgium,Bashir ABDI,Athletics - Men's Marathon,29,2,X 1
8/10,United States,Masai RUSSELL,Athletics - Women's 100m Hurdles,54,1,X 1
8/10,Turkey,Nafia KUS AYDIN,Taekwondo - Women +67kg,287,3,X 1
8/10,United States,Nevin HARRISON,Canoe Sprint - Women's Canoe Single 200m,110,2,X 1
8/10,Czechia,Josef DOSTAL,Canoe Sprint - Men's Kayak Single 1000m,102,1,X 1
8/10,Algeria,Djamel SEDJATI,Athletics - Men's 800m,25,3,X 1
8/10,Great Britain,Caden CUNNINGHAM,Taekwondo - Men +80kg,283,2,X 1
8/10,Japan,TAMAI Rikuto,Diving - Men's 10m Platform,139,2,X 1
8/10,New Zealand,Lydia KO,Golf - Women's Individual Stroke Play,163,1,X 1
8/10,Ukraine,Iryna KOLIADENKO,Wrestling - Women's Freestyle 62kg,321,2,X 1
8/10,Cuba,Yarisleidis CIRILO DUBOYS,Canoe Sprint - Women's Canoe Single 200m,110,3,X 1
8/10,Hungary,Tamara CSIPES,Canoe Sprint - Women's Kayak Single 500m,107,2,X 1
8/10,Japan,TAKATANI Daichi,Wrestling - Men's Freestyle 74kg,326,2,X 1
8/10,Great Britain,Men's Team,Athletics - Men's 4 x 400m Relay,44,3,X 6
8/10,Kyrgyzstan,Munarbek SEIITBEK UULU,Boxing - Men's 57kg,82,2,X 1
8/10,Japan,MOTOKI Sakura,Wrestling - Women's Freestyle 62kg,321,1,X 1
8/10,Hungary,Balint KOPASZ,Canoe Sprint - Men's Kayak Single 1000m,102,3,X 1
8/10,Germany,Men's Team,Beach Volleyball - Men,79,2,X 2
8/10,Uzbekistan,Razambek Salambekovitch JAMALOV,Wrestling - Men's Freestyle 74kg,326,1,X 1
8/10,Spain,Ayoub GHADFA DRISSI EL AISSAOUI,Boxing - Men's +92kg,87,2,X 1
8/10,Austria,Jessica PILZ,Sport Climbing - Women's Boulder & Lead,234,3,X 1
8/10,Norway,Solfrid Eila Amena KOANDA,Weightlifting - Women's 81kg,305,1,X 1
8/10,Georgia,Lasha TALAKHADZE,Weightlifting - Men's +102kg,311,1,X 1
8/10,Georgia,Geno PETRIASHVILI,Wrestling - Men's Freestyle 125kg,329,1,X 1
8/10,Great Britain,Women's Team,Athletics - Women's 4 x 400m Relay,67,3,X 8
8/10,Italy,Giorgio MALAN,Modern Pentathlon - Men's Individual,186,3,X 1
8/10,Cuba,Rafael ALBA,Taekwondo - Men +80kg,283,3,X 1
8/10,Qatar,Mutaz Essa BARSHIM,Athletics - Men's High Jump,33,3,X 1
8/10,South Africa,Jo-Ane van DYK,Athletics - Women's Javelin Throw,63,2,X 1
8/10,Bahrain,Gor MINASYAN,Weightlifting - Men's +102kg,311,3,X 1
8/10,United States,VICTOR,Breaking - B-Boys,94,3,X 1
8/10,France,Men's Team,Basketball - Men,75,2,X 12
8/10,United States,Men's Team,Athletics - Men's 4 x 400m Relay,44,1,X 7
8/10,Cote d'Ivoire,Cheick Sallah CISSE,Taekwondo - Men +80kg,283,3,X 1
8/10,Spain,Women's Team,Water Polo - Women,301,1,X 13
8/10,Great Britain,Georgia BELL,Athletics - Women's 1500m,49,3,X 1
8/10,United States,Shelby McEWEN,Athletics - Men's High Jump,33,2,X 1
8/10,Great Britain,Women's Team,Artistic Swimming - Duet,20,2,X 2
8/10,Hungary,Adam VARGA,Canoe Sprint - Men's Kayak Single 1000m,102,2,X 1
8/10,Italy,Men's Team,Cycling Track - Men's Madison,127,2,X 2
8/10,Denmark,Men's Team,Cycling Track - Men's Madison,127,3,X 2
8/10,Armenia,Varazdat LALAYAN,Weightlifting - Men's +102kg,311,2,X 1
8/10,Uzbekistan,Abdumalik KHALOKOV,Boxing - Men's 57kg,82,1,X 1
8/10,Netherlands,Women's Team,Water Polo - Women,301,3,X 13
8/10,Japan,KITAGUCHI Haruka,Athletics - Women's Javelin Throw,63,1,X 1
8/10,France,Men's Team,Volleyball - Men,298,1,X 13
8/10,Italy,Women's Team,Rhythmic Gymnastics - Group All-Around,188,3,X 5
8/10,Botswana,Men's Team,Athletics - Men's 4 x 400m Relay,44,2,X 6
8/10,China,LIU Huanhua,Weightlifting - Men's 102kg,310,1,X 1
8/10,Norway,Men's Team,Beach Volleyball - Men,79,3,X 2
8/10,China,Women's Team,Artistic Swimming - Duet,20,1,X 2
8/10,Canada,PHIL WIZARD,Breaking - B-Boys,94,1,X 1
8/10,Ecuador,Neisi Patricia DAJOMES BARRERA,Weightlifting - Women's 81kg,305,3,X 1
8/10,Egypt,Sara AHMED,Weightlifting - Women's 81kg,305,2,X 1
8/10,France,Women's Team,Handball - Women,165,2,X 17
8/10,United States,Grant FISHER,Athletics - Men's 5000m,27,3,X 1
8/10,Chinese Taipei,LIN Yu Ting,Boxing - Women's 57kg,90,1,X 1
8/10,Australia,Jessica HULL,Athletics - Women's 1500m,49,2,X 1
8/10,Puerto Rico,Jasmine CAMACHO-QUINN,Athletics - Women's 100m Hurdles,54,3,X 1
8/10,Denmark,Women's Team,Handball - Women,165,3,X 15
8/10,Kyrgyzstan,Aisuluu TYNYBEKOVA,Wrestling - Women's Freestyle 62kg,321,3,X 1
8/10,Albania,Chermen VALIEV,Wrestling - Men's Freestyle 74kg,326,3,X 1
8/10,Turkey,Taha AKGUL,Wrestling - Men's Freestyle 125kg,329,3,X 1
8/10,Japan,Women's Team,Table Tennis - Women's Team,279,2,X 3
8/10,United States,Men's Team,Basketball - Men,75,1,X 12
8/10,Kenya,Ronald KWEMOI,Athletics - Men's 5000m,27,2,X 1
8/10,France,DANY DANN,Breaking - B-Boys,94,2,X 1
8/10,New Zealand,Hamish KERR,Athletics - Men's High Jump,33,1,X 1
8/10,Slovenia,Janja GARNBRET,Sport Climbing - Women's Boulder & Lead,234,1,X 1
8/10,Japan,SATO Taishu,Modern Pentathlon - Men's Individual,186,2,X 1
8/10,China,LIN Xiyu Janet,Golf - Women's Individual Stroke Play,163,3,X 1
8/10,Panama,Atheyna Bibeichi BYLON,Boxing - Women's 75kg,93,2,X 1
8/10,New Zealand,Lisa CARRINGTON,Canoe Sprint - Women's Kayak Single 500m,107,1,X 1
8/10,France,Althea LAURIN,Taekwondo - Women +67kg,287,1,X 1
8/10,Portugal,Men's Team,Cycling Track - Men's Madison,127,1,X 2
8/10,Netherlands,Women's Team,Artistic Swimming - Duet,20,3,X 2
8/10,Azerbaijan,Giorgi MESHVILDISHVILI,Wrestling - Men's Freestyle 125kg,329,3,X 1
8/10,South Korea,LEE Dabin,Taekwondo - Women +67kg,287,3,X 1
8/10,Kenya,Emmanuel WANYONYI,Athletics - Men's 800m,25,1,X 1
8/10,Czechia,Nikola OGRODNIKOVA,Athletics - Women's Javelin Throw,63,3,X 1
8/10,United States,Brooke RABOUTOU,Sport Climbing - Women's Boulder & Lead,234,2,X 1
8/10,Uzbekistan,Akbar DJURAEV,Weightlifting - Men's 102kg,310,2,X 1
8/10,South Korea,Women's Team,Table Tennis - Women's Team,279,3,X 3
8/10,United States,Women's Team,Athletics - Women's 4 x 400m Relay,67,1,X 6
8/10,Netherlands,Women's Team,Athletics - Women's 4 x 400m Relay,67,2,X 5
8/10,Norway,Grace Jacob BULLEN,Wrestling - Women's Freestyle 62kg,321,3,X 1
8/10,Norway,Women's Team,Handball - Women,165,1,X 15
8/10,Poland,Men's Team,Volleyball - Men,298,2,X 13
8/10,Australia,Women's Team,Water Polo - Women,301,2,X 13
8/10,Canada,Katie VINCENT,Canoe Sprint - Women's Canoe Single 200m,110,1,X 1
8/10,Great Britain,Noah WILLIAMS,Diving - Men's 10m Platform,139,3,X 1
8/10,Israel,Women's Team,Rhythmic Gymnastics - Group All-Around,188,2,X 5
8/10,China,CAO Yuan,Diving - Men's 10m Platform,139,1,X 1
8/10,Egypt,Ahmed ELGENDY,Modern Pentathlon - Men's Individual,186,1,X 1
8/10,Kenya,Faith KIPYEGON,Athletics - Women's 1500m,49,1,X 1
8/11,Australia,Matthew GLAETZER,Cycling Track - Men's Keirin,124,3,X 1
8/11,IR Iran,Amirali AZARPIRA,Wrestling - Men's Freestyle 97kg,328,3,X 1
8/11,Great Britain,Emma FINUCANE,Cycling Track - Women's Sprint,129,3,X 1
8/11,Serbia,Men's Team,Water Polo - Men,300,1,X 13
8/11,Netherlands,Sifan HASSAN,Athletics - Women's Marathon,52,1,X 1
8/11,France,Elodie CLOUVEL,Modern Pentathlon - Women's Individual,185,2,X 1
8/11,United States,Men's Team,Water Polo - Men,300,3,X 13
8/11,United States,Women's Team,Volleyball - Women,299,2,X 13
8/11,Japan,KAGAMI Yuka,Wrestling - Women's Freestyle 76kg,323,1,X 1
8/11,Poland,Daria PIKULIK,Cycling Track - Women's Omnium,132,2,X 1
8/11,Kenya,Hellen OBIRI,Athletics - Women's Marathon,52,3,X 1
8/11,Australia,Women's Team,Basketball - Women,76,3,X 12
8/11,Georgia,Givi MATCHARASHVILI,Wrestling - Men's Freestyle 97kg,328,2,X 1
8/11,Great Britain,Emily CAMPBELL,Weightlifting - Women's +81kg,306,3,X 1
8/11,Germany,Men's Team,Handball - Men,164,2,X 16
8/11,United States,Jennifer VALENTE,Cycling Track - Women's Omnium,132,1,X 1
8/11,Japan,KIYOOKA Kotaro,Wrestling - Men's Freestyle 65kg,325,1,X 1
8/11,Azerbaijan,Magomedkhan MAGOMEDOV,Wrestling - Men's Freestyle 97kg,328,3,X 1
8/11,Denmark,Men's Team,Handball - Men,164,1,X 16
8/11,United States,Kennedy Alexis BLADES,Wrestling - Women's Freestyle 76kg,323,2,X 1
8/11,Ethiopia,Tigst ASSEFA,Athletics - Women's Marathon,52,2,X 1
8/11,Cuba,Milaimy de la Carid. MARIN POTRILLE,Wrestling - Women's Freestyle 76kg,323,3,X 1
8/11,Spain,Men's Team,Handball - Men,164,3,X 15
8/11,IR Iran,Rahman AMOUZADKHALILI,Wrestling - Men's Freestyle 65kg,325,2,X 1
8/11,New Zealand,Ally WOLLASTON,Cycling Track - Women's Omnium,132,3,X 1
8/11,France,Women's Team,Basketball - Women,76,2,X 12
8/11,Hungary,Michelle GULYAS,Modern Pentathlon - Women's Individual,185,1,X 1
8/11,Italy,Women's Team,Volleyball - Women,299,1,X 13
8/11,Albania,Islam DUDAEV,Wrestling - Men's Freestyle 65kg,325,3,X 1
8/11,New Zealand,Ellesse ANDREWS,Cycling Track - Women's Sprint,129,1,X 1
8/11,Croatia,Men's Team,Water Polo - Men,300,2,X 13
8/11,Australia,Matthew RICHARDSON,Cycling Track - Men's Keirin,124,2,X 1
8/11,Colombia,Tatiana RENTERIA RENTERIA,Wrestling - Women's Freestyle 76kg,323,3,X 1
8/11,South Korea,PARK Hyejeong,Weightlifting - Women's +81kg,306,2,X 1
8/11,Germany,Lea FRIEDRICH,Cycling Track - Women's Sprint,129,2,X 1
8/11,China,LI Wenwen,Weightlifting - Women's +81kg,306,1,X 1
8/11,Netherlands,Harrie LAVREYSEN,Cycling Track - Men's Keirin,124,1,X 1
8/11,Puerto Rico,Sebastian C RIVERA,Wrestling - Men's Freestyle 65kg,325,3,X 1
8/11,United States,Women's Team,Basketball - Women,76,1,X 12
8/11,South Korea,SEONG Seungmin,Modern Pentathlon - Women's Individual,185,3,X 1
8/11,Bahrain,Akhmed TAZHUDINOV,Wrestling - Men's Freestyle 97kg,328,1,X 1
